DECISION_ID,APPLICATION_ID,FORM_ID,CRM_ID,COMMERCIAL_CLIENT,COMM_FRAUD_INV,MORTGAGE_APPROVAL
D007001,APP100001,F005001,C005001,TRUE,FALSE,1
D007002,APP100002,F005002,C005002,FALSE,FALSE,0
D007003,APP100003,F005003,C005003,FALSE,FALSE,0
D007004,APP100004,F005004,C005004,TRUE,FALSE,0
D007005,APP100005,F005005,C005005,FALSE,FALSE,0
D007006,APP100006,F005006,C005006,FALSE,FALSE,1
D007007,APP100007,F005007,C005007,FALSE,FALSE,1
D007008,APP100008,F005008,C005008,TRUE,FALSE,0
D007009,APP100009,F005009,C005009,FALSE,FALSE,1
D007010,APP100010,F005010,C005010,FALSE,FALSE,1
D007011,APP100011,F005011,C005011,TRUE,FALSE,0
D007012,APP100012,F005012,C005012,TRUE,FALSE,1
D007013,APP100013,F005013,C005013,TRUE,FALSE,1
D007014,APP100014,F005014,C005014,TRUE,FALSE,1
D007015,APP100015,F005015,C005015,TRUE,FALSE,0
D007016,APP100016,F005016,C005016,TRUE,FALSE,0
D007017,APP100017,F005017,C005017,TRUE,FALSE,0
D007018,APP100018,F005018,C005018,TRUE,FALSE,1
D007019,APP100019,F005019,C005019,FALSE,FALSE,1
D007020,APP100020,F005020,C005020,FALSE,FALSE,0
D007021,APP100021,F005021,C005021,TRUE,FALSE,1
D007022,APP100022,F005022,C005022,TRUE,FALSE,0
D007023,APP100023,F005023,C005023,FALSE,FALSE,0
D007024,APP100024,F005024,C005024,TRUE,FALSE,1
D007025,APP100025,F005025,C005025,FALSE,FALSE,0
D007026,APP100026,F005026,C005026,FALSE,FALSE,1
D007027,APP100027,F005027,C005027,FALSE,FALSE,1
D007028,APP100028,F005028,C005028,TRUE,FALSE,0
D007029,APP100029,F005029,C005029,TRUE,FALSE,0
D007030,APP100030,F005030,C005030,TRUE,FALSE,0
D007031,APP100031,F005031,C005031,FALSE,FALSE,0
D007032,APP100032,F005032,C005032,TRUE,FALSE,0
D007033,APP100033,F005033,C005033,TRUE,FALSE,0
D007034,APP100034,F005034,C005034,FALSE,FALSE,1
D007035,APP100035,F005035,C005035,TRUE,FALSE,0
D007036,APP100036,F005036,C005036,FALSE,FALSE,1
D007037,APP100037,F005037,C005037,FALSE,FALSE,1
D007038,APP100038,F005038,C005038,FALSE,FALSE,0
D007039,APP100039,F005039,C005039,FALSE,FALSE,1
D007040,APP100040,F005040,C005040,FALSE,FALSE,0
D007041,APP100041,F005041,C005041,FALSE,FALSE,0
D007042,APP100042,F005042,C005042,TRUE,FALSE,1
D007043,APP100043,F005043,C005043,TRUE,FALSE,1
D007044,APP100044,F005044,C005044,FALSE,FALSE,0
D007045,APP100045,F005045,C005045,FALSE,FALSE,1
D007046,APP100046,F005046,C005046,FALSE,FALSE,1
D007047,APP100047,F005047,C005047,FALSE,FALSE,0
D007048,APP100048,F005048,C005048,TRUE,FALSE,0
D007049,APP100049,F005049,C005049,TRUE,FALSE,0
D007050,APP100050,F005050,C005050,TRUE,FALSE,1
D007051,APP100051,F005051,C005051,TRUE,FALSE,1
D007052,APP100052,F005052,C005052,FALSE,FALSE,1
D007053,APP100053,F005053,C005053,TRUE,FALSE,0
D007054,APP100054,F005054,C005054,FALSE,FALSE,1
D007055,APP100055,F005055,C005055,TRUE,FALSE,0
D007056,APP100056,F005056,C005056,FALSE,FALSE,1
D007057,APP100057,F005057,C005057,TRUE,FALSE,0
D007058,APP100058,F005058,C005058,TRUE,FALSE,1
D007059,APP100059,F005059,C005059,TRUE,TRUE,0
D007060,APP100060,F005060,C005060,FALSE,FALSE,1
D007061,APP100061,F005061,C005061,FALSE,FALSE,0
D007062,APP100062,F005062,C005062,TRUE,FALSE,1
D007063,APP100063,F005063,C005063,TRUE,TRUE,0
D007064,APP100064,F005064,C005064,TRUE,FALSE,1
D007065,APP100065,F005065,C005065,FALSE,FALSE,0
D007066,APP100066,F005066,C005066,FALSE,FALSE,0
D007067,APP100067,F005067,C005067,FALSE,FALSE,0
D007068,APP100068,F005068,C005068,TRUE,FALSE,1
D007069,APP100069,F005069,C005069,FALSE,FALSE,0
D007070,APP100070,F005070,C005070,TRUE,FALSE,0
D007071,APP100071,F005071,C005071,TRUE,FALSE,1
D007072,APP100072,F005072,C005072,FALSE,FALSE,1
D007073,APP100073,F005073,C005073,TRUE,TRUE,0
D007074,APP100074,F005074,C005074,TRUE,FALSE,0
D007075,APP100075,F005075,C005075,TRUE,FALSE,1
D007076,APP100076,F005076,C005076,FALSE,FALSE,0
D007077,APP100077,F005077,C005077,FALSE,FALSE,0
D007078,APP100078,F005078,C005078,TRUE,FALSE,1
D007079,APP100079,F005079,C005079,TRUE,FALSE,1
D007080,APP100080,F005080,C005080,TRUE,FALSE,1
D007081,APP100081,F005081,C005081,TRUE,FALSE,1
D007082,APP100082,F005082,C005082,FALSE,FALSE,0
D007083,APP100083,F005083,C005083,TRUE,FALSE,1
D007084,APP100084,F005084,C005084,TRUE,FALSE,1
D007085,APP100085,F005085,C005085,FALSE,FALSE,1
D007086,APP100086,F005086,C005086,TRUE,FALSE,1
D007087,APP100087,F005087,C005087,TRUE,FALSE,1
D007088,APP100088,F005088,C005088,TRUE,FALSE,0
D007089,APP100089,F005089,C005089,TRUE,FALSE,1
D007090,APP100090,F005090,C005090,TRUE,FALSE,0
D007091,APP100091,F005091,C005091,TRUE,FALSE,1
D007092,APP100092,F005092,C005092,FALSE,FALSE,1
D007093,APP100093,F005093,C005093,FALSE,FALSE,0
D007094,APP100094,F005094,C005094,FALSE,FALSE,0
D007095,APP100095,F005095,C005095,FALSE,FALSE,1
D007096,APP100096,F005096,C005096,FALSE,FALSE,1
D007097,APP100097,F005097,C005097,TRUE,FALSE,0
D007098,APP100098,F005098,C005098,TRUE,FALSE,0
D007099,APP100099,F005099,C005099,TRUE,FALSE,0
D007100,APP100100,F005100,C005100,FALSE,FALSE,1
D007101,APP100101,F005101,C005101,TRUE,FALSE,1
D007102,APP100102,F005102,C005102,TRUE,FALSE,0
D007103,APP100103,F005103,C005103,FALSE,FALSE,0
D007104,APP100104,F005104,C005104,TRUE,FALSE,1
D007105,APP100105,F005105,C005105,TRUE,FALSE,1
D007106,APP100106,F005106,C005106,TRUE,FALSE,0
D007107,APP100107,F005107,C005107,TRUE,FALSE,0
D007108,APP100108,F005108,C005108,TRUE,FALSE,0
D007109,APP100109,F005109,C005109,TRUE,FALSE,1
D007110,APP100110,F005110,C005110,TRUE,FALSE,0
D007111,APP100111,F005111,C005111,TRUE,FALSE,1
D007112,APP100112,F005112,C005112,TRUE,FALSE,1
D007113,APP100113,F005113,C005113,TRUE,FALSE,0
D007114,APP100114,F005114,C005114,FALSE,FALSE,0
D007115,APP100115,F005115,C005115,FALSE,FALSE,1
D007116,APP100116,F005116,C005116,TRUE,FALSE,1
D007117,APP100117,F005117,C005117,FALSE,TRUE,0
D007118,APP100118,F005118,C005118,TRUE,FALSE,1
D007119,APP100119,F005119,C005119,TRUE,FALSE,1
D007120,APP100120,F005120,C005120,FALSE,FALSE,1
D007121,APP100121,F005121,C005121,FALSE,FALSE,0
D007122,APP100122,F005122,C005122,TRUE,TRUE,0
D007123,APP100123,F005123,C005123,FALSE,FALSE,0
D007124,APP100124,F005124,C005124,TRUE,FALSE,0
D007125,APP100125,F005125,C005125,TRUE,FALSE,1
D007126,APP100126,F005126,C005126,FALSE,FALSE,0
D007127,APP100127,F005127,C005127,TRUE,FALSE,0
D007128,APP100128,F005128,C005128,FALSE,FALSE,1
D007129,APP100129,F005129,C005129,TRUE,FALSE,1
D007130,APP100130,F005130,C005130,FALSE,FALSE,1
D007131,APP100131,F005131,C005131,FALSE,FALSE,1
D007132,APP100132,F005132,C005132,TRUE,TRUE,0
D007133,APP100133,F005133,C005133,FALSE,FALSE,1
D007134,APP100134,F005134,C005134,FALSE,FALSE,0
D007135,APP100135,F005135,C005135,TRUE,FALSE,1
D007136,APP100136,F005136,C005136,FALSE,FALSE,1
D007137,APP100137,F005137,C005137,TRUE,FALSE,0
D007138,APP100138,F005138,C005138,FALSE,FALSE,0
D007139,APP100139,F005139,C005139,FALSE,FALSE,1
D007140,APP100140,F005140,C005140,FALSE,FALSE,0
D007141,APP100141,F005141,C005141,TRUE,FALSE,1
D007142,APP100142,F005142,C005142,TRUE,FALSE,1
D007143,APP100143,F005143,C005143,TRUE,FALSE,0
D007144,APP100144,F005144,C005144,TRUE,FALSE,0
D007145,APP100145,F005145,C005145,FALSE,FALSE,0
D007146,APP100146,F005146,C005146,TRUE,TRUE,1
D007147,APP100147,F005147,C005147,TRUE,FALSE,0
D007148,APP100148,F005148,C005148,FALSE,FALSE,0
D007149,APP100149,F005149,C005149,FALSE,FALSE,0
D007150,APP100150,F005150,C005150,TRUE,FALSE,1
D007151,APP100151,F005151,C005151,TRUE,FALSE,0
D007152,APP100152,F005152,C005152,FALSE,TRUE,0
D007153,APP100153,F005153,C005153,FALSE,FALSE,1
D007154,APP100154,F005154,C005154,TRUE,FALSE,1
D007155,APP100155,F005155,C005155,TRUE,FALSE,0
D007156,APP100156,F005156,C005156,TRUE,FALSE,0
D007157,APP100157,F005157,C005157,TRUE,FALSE,1
D007158,APP100158,F005158,C005158,FALSE,FALSE,1
D007159,APP100159,F005159,C005159,FALSE,FALSE,0
D007160,APP100160,F005160,C005160,TRUE,FALSE,1
D007161,APP100161,F005161,C005161,FALSE,FALSE,1
D007162,APP100162,F005162,C005162,FALSE,FALSE,1
D007163,APP100163,F005163,C005163,TRUE,FALSE,0
D007164,APP100164,F005164,C005164,FALSE,FALSE,1
D007165,APP100165,F005165,C005165,TRUE,FALSE,1
D007166,APP100166,F005166,C005166,TRUE,FALSE,1
D007167,APP100167,F005167,C005167,FALSE,FALSE,0
D007168,APP100168,F005168,C005168,TRUE,FALSE,0
D007169,APP100169,F005169,C005169,FALSE,FALSE,0
D007170,APP100170,F005170,C005170,TRUE,TRUE,1
D007171,APP100171,F005171,C005171,TRUE,FALSE,0
D007172,APP100172,F005172,C005172,TRUE,FALSE,1
D007173,APP100173,F005173,C005173,FALSE,FALSE,0
D007174,APP100174,F005174,C005174,FALSE,FALSE,1
D007175,APP100175,F005175,C005175,FALSE,FALSE,0
D007176,APP100176,F005176,C005176,FALSE,FALSE,0
D007177,APP100177,F005177,C005177,TRUE,FALSE,0
D007178,APP100178,F005178,C005178,FALSE,FALSE,0
D007179,APP100179,F005179,C005179,FALSE,FALSE,1
D007180,APP100180,F005180,C005180,TRUE,FALSE,0
D007181,APP100181,F005181,C005181,TRUE,FALSE,1
D007182,APP100182,F005182,C005182,FALSE,FALSE,1
D007183,APP100183,F005183,C005183,TRUE,FALSE,1
D007184,APP100184,F005184,C005184,FALSE,FALSE,0
D007185,APP100185,F005185,C005185,FALSE,TRUE,1
D007186,APP100186,F005186,C005186,TRUE,FALSE,0
D007187,APP100187,F005187,C005187,TRUE,FALSE,1
D007188,APP100188,F005188,C005188,FALSE,FALSE,0
D007189,APP100189,F005189,C005189,TRUE,FALSE,0
D007190,APP100190,F005190,C005190,FALSE,FALSE,1
D007191,APP100191,F005191,C005191,TRUE,FALSE,1
D007192,APP100192,F005192,C005192,FALSE,FALSE,1
D007193,APP100193,F005193,C005193,FALSE,FALSE,1
D007194,APP100194,F005194,C005194,FALSE,FALSE,1
D007195,APP100195,F005195,C005195,TRUE,FALSE,0
D007196,APP100196,F005196,C005196,TRUE,FALSE,1
D007197,APP100197,F005197,C005197,FALSE,FALSE,1
D007198,APP100198,F005198,C005198,TRUE,FALSE,1
D007199,APP100199,F005199,C005199,FALSE,FALSE,1
D007200,APP100200,F005200,C005200,TRUE,FALSE,1
D007201,APP100201,F005201,C005201,FALSE,FALSE,0
D007202,APP100202,F005202,C005202,FALSE,FALSE,0
D007203,APP100203,F005203,C005203,FALSE,FALSE,1
D007204,APP100204,F005204,C005204,FALSE,FALSE,1
D007205,APP100205,F005205,C005205,FALSE,FALSE,0
D007206,APP100206,F005206,C005206,FALSE,FALSE,1
D007207,APP100207,F005207,C005207,FALSE,FALSE,1
D007208,APP100208,F005208,C005208,FALSE,FALSE,0
D007209,APP100209,F005209,C005209,FALSE,FALSE,0
D007210,APP100210,F005210,C005210,FALSE,FALSE,1
D007211,APP100211,F005211,C005211,FALSE,FALSE,1
D007212,APP100212,F005212,C005212,TRUE,FALSE,1
D007213,APP100213,F005213,C005213,TRUE,FALSE,0
D007214,APP100214,F005214,C005214,FALSE,FALSE,1
D007215,APP100215,F005215,C005215,FALSE,FALSE,1
D007216,APP100216,F005216,C005216,FALSE,FALSE,1
D007217,APP100217,F005217,C005217,TRUE,FALSE,1
D007218,APP100218,F005218,C005218,FALSE,FALSE,0
D007219,APP100219,F005219,C005219,FALSE,FALSE,0
D007220,APP100220,F005220,C005220,TRUE,FALSE,0
D007221,APP100221,F005221,C005221,TRUE,FALSE,0
D007222,APP100222,F005222,C005222,TRUE,FALSE,1
D007223,APP100223,F005223,C005223,TRUE,FALSE,0
D007224,APP100224,F005224,C005224,FALSE,FALSE,1
D007225,APP100225,F005225,C005225,FALSE,FALSE,0
D007226,APP100226,F005226,C005226,TRUE,FALSE,1
D007227,APP100227,F005227,C005227,FALSE,FALSE,1
D007228,APP100228,F005228,C005228,TRUE,FALSE,1
D007229,APP100229,F005229,C005229,TRUE,FALSE,0
D007230,APP100230,F005230,C005230,FALSE,FALSE,1
D007231,APP100231,F005231,C005231,TRUE,FALSE,0
D007232,APP100232,F005232,C005232,TRUE,FALSE,0
D007233,APP100233,F005233,C005233,FALSE,FALSE,1
D007234,APP100234,F005234,C005234,FALSE,FALSE,1
D007235,APP100235,F005235,C005235,TRUE,FALSE,1
D007236,APP100236,F005236,C005236,FALSE,FALSE,1
D007237,APP100237,F005237,C005237,FALSE,TRUE,0
D007238,APP100238,F005238,C005238,FALSE,FALSE,1
D007239,APP100239,F005239,C005239,FALSE,FALSE,0
D007240,APP100240,F005240,C005240,FALSE,FALSE,1
D007241,APP100241,F005241,C005241,TRUE,FALSE,0
D007242,APP100242,F005242,C005242,FALSE,FALSE,0
D007243,APP100243,F005243,C005243,TRUE,FALSE,1
D007244,APP100244,F005244,C005244,FALSE,TRUE,1
D007245,APP100245,F005245,C005245,TRUE,FALSE,1
D007246,APP100246,F005246,C005246,TRUE,FALSE,1
D007247,APP100247,F005247,C005247,TRUE,FALSE,0
D007248,APP100248,F005248,C005248,FALSE,FALSE,1
D007249,APP100249,F005249,C005249,TRUE,FALSE,0
D007250,APP100250,F005250,C005250,FALSE,FALSE,0
D007251,APP100251,F005251,C005251,TRUE,FALSE,1
D007252,APP100252,F005252,C005252,FALSE,FALSE,0
D007253,APP100253,F005253,C005253,TRUE,FALSE,1
D007254,APP100254,F005254,C005254,TRUE,FALSE,0
D007255,APP100255,F005255,C005255,FALSE,FALSE,1
D007256,APP100256,F005256,C005256,FALSE,FALSE,0
D007257,APP100257,F005257,C005257,TRUE,FALSE,1
D007258,APP100258,F005258,C005258,TRUE,FALSE,0
D007259,APP100259,F005259,C005259,FALSE,FALSE,1
D007260,APP100260,F005260,C005260,TRUE,FALSE,0
D007261,APP100261,F005261,C005261,FALSE,FALSE,1
D007262,APP100262,F005262,C005262,TRUE,FALSE,0
D007263,APP100263,F005263,C005263,TRUE,FALSE,1
D007264,APP100264,F005264,C005264,FALSE,FALSE,0
D007265,APP100265,F005265,C005265,TRUE,FALSE,0
D007266,APP100266,F005266,C005266,TRUE,FALSE,0
D007267,APP100267,F005267,C005267,TRUE,FALSE,0
D007268,APP100268,F005268,C005268,FALSE,FALSE,1
D007269,APP100269,F005269,C005269,TRUE,FALSE,1
D007270,APP100270,F005270,C005270,FALSE,FALSE,0
D007271,APP100271,F005271,C005271,FALSE,FALSE,1
D007272,APP100272,F005272,C005272,TRUE,FALSE,0
D007273,APP100273,F005273,C005273,FALSE,FALSE,1
D007274,APP100274,F005274,C005274,TRUE,FALSE,1
D007275,APP100275,F005275,C005275,TRUE,FALSE,0
D007276,APP100276,F005276,C005276,FALSE,FALSE,0
D007277,APP100277,F005277,C005277,FALSE,FALSE,1
D007278,APP100278,F005278,C005278,FALSE,FALSE,0
D007279,APP100279,F005279,C005279,FALSE,FALSE,0
D007280,APP100280,F005280,C005280,FALSE,FALSE,0
D007281,APP100281,F005281,C005281,FALSE,FALSE,1
D007282,APP100282,F005282,C005282,TRUE,TRUE,0
D007283,APP100283,F005283,C005283,TRUE,FALSE,1
D007284,APP100284,F005284,C005284,TRUE,FALSE,0
D007285,APP100285,F005285,C005285,TRUE,FALSE,1
D007286,APP100286,F005286,C005286,FALSE,FALSE,0
D007287,APP100287,F005287,C005287,FALSE,FALSE,0
D007288,APP100288,F005288,C005288,FALSE,FALSE,0
D007289,APP100289,F005289,C005289,FALSE,FALSE,1
D007290,APP100290,F005290,C005290,TRUE,FALSE,0
D007291,APP100291,F005291,C005291,TRUE,FALSE,1
D007292,APP100292,F005292,C005292,FALSE,FALSE,0
D007293,APP100293,F005293,C005293,TRUE,TRUE,0
D007294,APP100294,F005294,C005294,FALSE,FALSE,1
D007295,APP100295,F005295,C005295,FALSE,FALSE,0
D007296,APP100296,F005296,C005296,TRUE,FALSE,0
D007297,APP100297,F005297,C005297,FALSE,FALSE,1
D007298,APP100298,F005298,C005298,FALSE,FALSE,1
D007299,APP100299,F005299,C005299,FALSE,FALSE,0
D007300,APP100300,F005300,C005300,TRUE,FALSE,1
D007301,APP100301,F005301,C005301,FALSE,FALSE,1
D007302,APP100302,F005302,C005302,TRUE,FALSE,1
D007303,APP100303,F005303,C005303,TRUE,FALSE,1
D007304,APP100304,F005304,C005304,FALSE,FALSE,0
D007305,APP100305,F005305,C005305,TRUE,FALSE,1
D007306,APP100306,F005306,C005306,FALSE,FALSE,1
D007307,APP100307,F005307,C005307,TRUE,FALSE,1
D007308,APP100308,F005308,C005308,FALSE,FALSE,1
D007309,APP100309,F005309,C005309,FALSE,FALSE,0
D007310,APP100310,F005310,C005310,FALSE,FALSE,1
D007311,APP100311,F005311,C005311,TRUE,FALSE,0
D007312,APP100312,F005312,C005312,TRUE,FALSE,0
D007313,APP100313,F005313,C005313,FALSE,FALSE,1
D007314,APP100314,F005314,C005314,TRUE,FALSE,1
D007315,APP100315,F005315,C005315,FALSE,FALSE,0
D007316,APP100316,F005316,C005316,FALSE,FALSE,0
D007317,APP100317,F005317,C005317,FALSE,FALSE,0
D007318,APP100318,F005318,C005318,FALSE,FALSE,1
D007319,APP100319,F005319,C005319,FALSE,FALSE,0
D007320,APP100320,F005320,C005320,FALSE,FALSE,1
D007321,APP100321,F005321,C005321,FALSE,FALSE,0
D007322,APP100322,F005322,C005322,TRUE,FALSE,0
D007323,APP100323,F005323,C005323,FALSE,FALSE,1
D007324,APP100324,F005324,C005324,FALSE,FALSE,1
D007325,APP100325,F005325,C005325,TRUE,FALSE,0
D007326,APP100326,F005326,C005326,TRUE,FALSE,1
D007327,APP100327,F005327,C005327,TRUE,FALSE,0
D007328,APP100328,F005328,C005328,TRUE,FALSE,1
D007329,APP100329,F005329,C005329,TRUE,FALSE,1
D007330,APP100330,F005330,C005330,TRUE,FALSE,1
D007331,APP100331,F005331,C005331,FALSE,FALSE,1
D007332,APP100332,F005332,C005332,TRUE,FALSE,0
D007333,APP100333,F005333,C005333,TRUE,FALSE,0
D007334,APP100334,F005334,C005334,FALSE,FALSE,0
D007335,APP100335,F005335,C005335,FALSE,FALSE,0
D007336,APP100336,F005336,C005336,TRUE,FALSE,1
D007337,APP100337,F005337,C005337,FALSE,FALSE,1
D007338,APP100338,F005338,C005338,FALSE,FALSE,1
D007339,APP100339,F005339,C005339,TRUE,FALSE,1
D007340,APP100340,F005340,C005340,FALSE,FALSE,0
D007341,APP100341,F005341,C005341,FALSE,FALSE,1
D007342,APP100342,F005342,C005342,TRUE,FALSE,0
D007343,APP100343,F005343,C005343,TRUE,FALSE,0
D007344,APP100344,F005344,C005344,FALSE,FALSE,0
D007345,APP100345,F005345,C005345,FALSE,TRUE,0
D007346,APP100346,F005346,C005346,TRUE,FALSE,1
D007347,APP100347,F005347,C005347,TRUE,FALSE,1
D007348,APP100348,F005348,C005348,TRUE,FALSE,0
D007349,APP100349,F005349,C005349,TRUE,FALSE,1
D007350,APP100350,F005350,C005350,TRUE,FALSE,1
D007351,APP100351,F005351,C005351,FALSE,TRUE,1
D007352,APP100352,F005352,C005352,TRUE,TRUE,1
D007353,APP100353,F005353,C005353,FALSE,FALSE,1
D007354,APP100354,F005354,C005354,FALSE,FALSE,1
D007355,APP100355,F005355,C005355,TRUE,FALSE,0
D007356,APP100356,F005356,C005356,TRUE,FALSE,1
D007357,APP100357,F005357,C005357,TRUE,FALSE,1
D007358,APP100358,F005358,C005358,TRUE,FALSE,1
D007359,APP100359,F005359,C005359,TRUE,FALSE,1
D007360,APP100360,F005360,C005360,FALSE,FALSE,1
D007361,APP100361,F005361,C005361,TRUE,FALSE,0
D007362,APP100362,F005362,C005362,FALSE,FALSE,0
D007363,APP100363,F005363,C005363,FALSE,FALSE,0
D007364,APP100364,F005364,C005364,FALSE,FALSE,1
D007365,APP100365,F005365,C005365,TRUE,FALSE,1
D007366,APP100366,F005366,C005366,FALSE,FALSE,1
D007367,APP100367,F005367,C005367,TRUE,FALSE,0
D007368,APP100368,F005368,C005368,TRUE,FALSE,0
D007369,APP100369,F005369,C005369,FALSE,FALSE,1
D007370,APP100370,F005370,C005370,TRUE,FALSE,0
D007371,APP100371,F005371,C005371,TRUE,FALSE,0
D007372,APP100372,F005372,C005372,FALSE,FALSE,1
D007373,APP100373,F005373,C005373,FALSE,FALSE,1
D007374,APP100374,F005374,C005374,FALSE,FALSE,0
D007375,APP100375,F005375,C005375,TRUE,FALSE,1
D007376,APP100376,F005376,C005376,FALSE,FALSE,1
D007377,APP100377,F005377,C005377,FALSE,FALSE,1
D007378,APP100378,F005378,C005378,FALSE,FALSE,0
D007379,APP100379,F005379,C005379,FALSE,FALSE,1
D007380,APP100380,F005380,C005380,TRUE,FALSE,0
D007381,APP100381,F005381,C005381,TRUE,FALSE,1
D007382,APP100382,F005382,C005382,TRUE,FALSE,1
D007383,APP100383,F005383,C005383,FALSE,FALSE,0
D007384,APP100384,F005384,C005384,FALSE,FALSE,1
D007385,APP100385,F005385,C005385,TRUE,FALSE,1
D007386,APP100386,F005386,C005386,FALSE,FALSE,0
D007387,APP100387,F005387,C005387,TRUE,FALSE,0
D007388,APP100388,F005388,C005388,FALSE,FALSE,1
D007389,APP100389,F005389,C005389,FALSE,FALSE,1
D007390,APP100390,F005390,C005390,TRUE,FALSE,1
D007391,APP100391,F005391,C005391,FALSE,FALSE,1
D007392,APP100392,F005392,C005392,FALSE,FALSE,0
D007393,APP100393,F005393,C005393,FALSE,FALSE,0
D007394,APP100394,F005394,C005394,FALSE,FALSE,0
D007395,APP100395,F005395,C005395,TRUE,FALSE,0
D007396,APP100396,F005396,C005396,FALSE,FALSE,0
D007397,APP100397,F005397,C005397,TRUE,FALSE,0
D007398,APP100398,F005398,C005398,FALSE,FALSE,1
D007399,APP100399,F005399,C005399,FALSE,FALSE,1
D007400,APP100400,F005400,C005400,FALSE,FALSE,1
D007401,APP100401,F005401,C005401,TRUE,FALSE,1
D007402,APP100402,F005402,C005402,FALSE,FALSE,0
D007403,APP100403,F005403,C005403,TRUE,FALSE,0
D007404,APP100404,F005404,C005404,TRUE,FALSE,0
D007405,APP100405,F005405,C005405,FALSE,FALSE,0
D007406,APP100406,F005406,C005406,FALSE,FALSE,0
D007407,APP100407,F005407,C005407,FALSE,FALSE,1
D007408,APP100408,F005408,C005408,FALSE,FALSE,1
D007409,APP100409,F005409,C005409,FALSE,FALSE,0
D007410,APP100410,F005410,C005410,FALSE,FALSE,1
D007411,APP100411,F005411,C005411,TRUE,FALSE,0
D007412,APP100412,F005412,C005412,FALSE,FALSE,1
D007413,APP100413,F005413,C005413,FALSE,TRUE,0
D007414,APP100414,F005414,C005414,FALSE,FALSE,1
D007415,APP100415,F005415,C005415,FALSE,FALSE,1
D007416,APP100416,F005416,C005416,FALSE,FALSE,0
D007417,APP100417,F005417,C005417,TRUE,FALSE,0
D007418,APP100418,F005418,C005418,FALSE,FALSE,0
D007419,APP100419,F005419,C005419,FALSE,FALSE,1
D007420,APP100420,F005420,C005420,TRUE,FALSE,0
D007421,APP100421,F005421,C005421,TRUE,FALSE,0
D007422,APP100422,F005422,C005422,FALSE,FALSE,1
D007423,APP100423,F005423,C005423,FALSE,FALSE,1
D007424,APP100424,F005424,C005424,FALSE,FALSE,0
D007425,APP100425,F005425,C005425,FALSE,FALSE,0
D007426,APP100426,F005426,C005426,TRUE,FALSE,1
D007427,APP100427,F005427,C005427,TRUE,FALSE,0
D007428,APP100428,F005428,C005428,TRUE,FALSE,1
D007429,APP100429,F005429,C005429,TRUE,FALSE,0
D007430,APP100430,F005430,C005430,TRUE,FALSE,0
D007431,APP100431,F005431,C005431,FALSE,FALSE,1
D007432,APP100432,F005432,C005432,TRUE,FALSE,0
D007433,APP100433,F005433,C005433,TRUE,TRUE,1
D007434,APP100434,F005434,C005434,TRUE,FALSE,0
D007435,APP100435,F005435,C005435,FALSE,FALSE,0
D007436,APP100436,F005436,C005436,TRUE,FALSE,1
D007437,APP100437,F005437,C005437,TRUE,FALSE,1
D007438,APP100438,F005438,C005438,TRUE,FALSE,1
D007439,APP100439,F005439,C005439,TRUE,FALSE,0
D007440,APP100440,F005440,C005440,TRUE,FALSE,0
D007441,APP100441,F005441,C005441,FALSE,FALSE,1
D007442,APP100442,F005442,C005442,FALSE,FALSE,0
D007443,APP100443,F005443,C005443,FALSE,TRUE,1
D007444,APP100444,F005444,C005444,TRUE,FALSE,0
D007445,APP100445,F005445,C005445,FALSE,TRUE,1
D007446,APP100446,F005446,C005446,FALSE,FALSE,0
D007447,APP100447,F005447,C005447,TRUE,FALSE,1
D007448,APP100448,F005448,C005448,FALSE,FALSE,1
D007449,APP100449,F005449,C005449,FALSE,TRUE,0
D007450,APP100450,F005450,C005450,FALSE,TRUE,0
D007451,APP100451,F005451,C005451,FALSE,FALSE,1
D007452,APP100452,F005452,C005452,FALSE,FALSE,1
D007453,APP100453,F005453,C005453,TRUE,FALSE,1
D007454,APP100454,F005454,C005454,TRUE,FALSE,1
D007455,APP100455,F005455,C005455,FALSE,FALSE,1
D007456,APP100456,F005456,C005456,FALSE,FALSE,1
D007457,APP100457,F005457,C005457,TRUE,FALSE,0
D007458,APP100458,F005458,C005458,FALSE,FALSE,0
D007459,APP100459,F005459,C005459,FALSE,FALSE,1
D007460,APP100460,F005460,C005460,FALSE,FALSE,0
D007461,APP100461,F005461,C005461,FALSE,FALSE,1
D007462,APP100462,F005462,C005462,TRUE,FALSE,1
D007463,APP100463,F005463,C005463,TRUE,FALSE,1
D007464,APP100464,F005464,C005464,TRUE,TRUE,0
D007465,APP100465,F005465,C005465,TRUE,FALSE,1
D007466,APP100466,F005466,C005466,TRUE,FALSE,1
D007467,APP100467,F005467,C005467,TRUE,FALSE,1
D007468,APP100468,F005468,C005468,FALSE,FALSE,0
D007469,APP100469,F005469,C005469,TRUE,TRUE,1
D007470,APP100470,F005470,C005470,TRUE,FALSE,1
D007471,APP100471,F005471,C005471,FALSE,FALSE,0
D007472,APP100472,F005472,C005472,FALSE,FALSE,1
D007473,APP100473,F005473,C005473,FALSE,FALSE,0
D007474,APP100474,F005474,C005474,TRUE,FALSE,1
D007475,APP100475,F005475,C005475,FALSE,FALSE,0
D007476,APP100476,F005476,C005476,FALSE,FALSE,1
D007477,APP100477,F005477,C005477,TRUE,FALSE,1
D007478,APP100478,F005478,C005478,TRUE,FALSE,1
D007479,APP100479,F005479,C005479,FALSE,FALSE,1
D007480,APP100480,F005480,C005480,FALSE,FALSE,1
D007481,APP100481,F005481,C005481,TRUE,FALSE,0
D007482,APP100482,F005482,C005482,FALSE,FALSE,1
D007483,APP100483,F005483,C005483,FALSE,FALSE,0
D007484,APP100484,F005484,C005484,FALSE,FALSE,1
D007485,APP100485,F005485,C005485,TRUE,FALSE,0
D007486,APP100486,F005486,C005486,TRUE,FALSE,0
D007487,APP100487,F005487,C005487,FALSE,FALSE,0
D007488,APP100488,F005488,C005488,FALSE,FALSE,1
D007489,APP100489,F005489,C005489,TRUE,FALSE,1
D007490,APP100490,F005490,C005490,TRUE,FALSE,0
D007491,APP100491,F005491,C005491,FALSE,FALSE,0
D007492,APP100492,F005492,C005492,FALSE,FALSE,0
D007493,APP100493,F005493,C005493,FALSE,FALSE,1
D007494,APP100494,F005494,C005494,FALSE,FALSE,0
D007495,APP100495,F005495,C005495,FALSE,FALSE,1
D007496,APP100496,F005496,C005496,TRUE,FALSE,0
D007497,APP100497,F005497,C005497,FALSE,FALSE,1
D007498,APP100498,F005498,C005498,TRUE,FALSE,0
D007499,APP100499,F005499,C005499,TRUE,FALSE,0
D007500,APP100500,F005500,C005500,TRUE,FALSE,0
D007501,APP100501,F005501,C005501,TRUE,FALSE,0
D007502,APP100502,F005502,C005502,FALSE,FALSE,0
D007503,APP100503,F005503,C005503,TRUE,FALSE,0
D007504,APP100504,F005504,C005504,TRUE,FALSE,1
D007505,APP100505,F005505,C005505,TRUE,FALSE,0
D007506,APP100506,F005506,C005506,TRUE,FALSE,1
D007507,APP100507,F005507,C005507,TRUE,FALSE,0
D007508,APP100508,F005508,C005508,TRUE,TRUE,0
D007509,APP100509,F005509,C005509,TRUE,FALSE,1
D007510,APP100510,F005510,C005510,FALSE,FALSE,1
D007511,APP100511,F005511,C005511,FALSE,FALSE,1
D007512,APP100512,F005512,C005512,FALSE,FALSE,0
D007513,APP100513,F005513,C005513,TRUE,FALSE,0
D007514,APP100514,F005514,C005514,FALSE,FALSE,0
D007515,APP100515,F005515,C005515,TRUE,FALSE,1
D007516,APP100516,F005516,C005516,FALSE,FALSE,0
D007517,APP100517,F005517,C005517,TRUE,FALSE,0
D007518,APP100518,F005518,C005518,TRUE,FALSE,1
D007519,APP100519,F005519,C005519,FALSE,FALSE,1
D007520,APP100520,F005520,C005520,FALSE,TRUE,0
D007521,APP100521,F005521,C005521,TRUE,FALSE,1
D007522,APP100522,F005522,C005522,FALSE,FALSE,1
D007523,APP100523,F005523,C005523,TRUE,FALSE,0
D007524,APP100524,F005524,C005524,FALSE,FALSE,0
D007525,APP100525,F005525,C005525,FALSE,FALSE,1
D007526,APP100526,F005526,C005526,TRUE,FALSE,1
D007527,APP100527,F005527,C005527,TRUE,FALSE,0
D007528,APP100528,F005528,C005528,FALSE,FALSE,1
D007529,APP100529,F005529,C005529,FALSE,FALSE,1
D007530,APP100530,F005530,C005530,FALSE,FALSE,1
D007531,APP100531,F005531,C005531,TRUE,FALSE,0
D007532,APP100532,F005532,C005532,FALSE,FALSE,0
D007533,APP100533,F005533,C005533,TRUE,FALSE,0
D007534,APP100534,F005534,C005534,FALSE,TRUE,0
D007535,APP100535,F005535,C005535,FALSE,FALSE,1
D007536,APP100536,F005536,C005536,FALSE,FALSE,0
D007537,APP100537,F005537,C005537,FALSE,FALSE,1
D007538,APP100538,F005538,C005538,TRUE,FALSE,0
D007539,APP100539,F005539,C005539,FALSE,FALSE,1
D007540,APP100540,F005540,C005540,TRUE,FALSE,0
D007541,APP100541,F005541,C005541,FALSE,FALSE,0
D007542,APP100542,F005542,C005542,FALSE,FALSE,0
D007543,APP100543,F005543,C005543,TRUE,FALSE,0
D007544,APP100544,F005544,C005544,TRUE,FALSE,1
D007545,APP100545,F005545,C005545,TRUE,FALSE,1
D007546,APP100546,F005546,C005546,FALSE,TRUE,0
D007547,APP100547,F005547,C005547,TRUE,FALSE,1
D007548,APP100548,F005548,C005548,TRUE,FALSE,0
D007549,APP100549,F005549,C005549,TRUE,FALSE,1
D007550,APP100550,F005550,C005550,TRUE,FALSE,1
D007551,APP100551,F005551,C005551,TRUE,FALSE,0
D007552,APP100552,F005552,C005552,TRUE,FALSE,0
D007553,APP100553,F005553,C005553,FALSE,FALSE,1
D007554,APP100554,F005554,C005554,TRUE,FALSE,1
D007555,APP100555,F005555,C005555,FALSE,FALSE,0
D007556,APP100556,F005556,C005556,FALSE,FALSE,0
D007557,APP100557,F005557,C005557,FALSE,FALSE,0
D007558,APP100558,F005558,C005558,FALSE,FALSE,0
D007559,APP100559,F005559,C005559,TRUE,FALSE,0
D007560,APP100560,F005560,C005560,FALSE,FALSE,1
D007561,APP100561,F005561,C005561,TRUE,FALSE,1
D007562,APP100562,F005562,C005562,TRUE,FALSE,0
D007563,APP100563,F005563,C005563,TRUE,FALSE,0
D007564,APP100564,F005564,C005564,FALSE,FALSE,0
D007565,APP100565,F005565,C005565,FALSE,FALSE,0
D007566,APP100566,F005566,C005566,TRUE,FALSE,1
D007567,APP100567,F005567,C005567,TRUE,FALSE,0
D007568,APP100568,F005568,C005568,TRUE,FALSE,1
D007569,APP100569,F005569,C005569,FALSE,FALSE,0
D007570,APP100570,F005570,C005570,FALSE,FALSE,0
D007571,APP100571,F005571,C005571,FALSE,FALSE,0
D007572,APP100572,F005572,C005572,TRUE,FALSE,0
D007573,APP100573,F005573,C005573,FALSE,FALSE,0
D007574,APP100574,F005574,C005574,TRUE,FALSE,1
D007575,APP100575,F005575,C005575,FALSE,FALSE,0
D007576,APP100576,F005576,C005576,FALSE,FALSE,1
D007577,APP100577,F005577,C005577,TRUE,FALSE,1
D007578,APP100578,F005578,C005578,TRUE,FALSE,1
D007579,APP100579,F005579,C005579,TRUE,FALSE,1
D007580,APP100580,F005580,C005580,TRUE,FALSE,0
D007581,APP100581,F005581,C005581,FALSE,FALSE,1
D007582,APP100582,F005582,C005582,TRUE,FALSE,0
D007583,APP100583,F005583,C005583,FALSE,FALSE,0
D007584,APP100584,F005584,C005584,FALSE,FALSE,0
D007585,APP100585,F005585,C005585,FALSE,FALSE,1
D007586,APP100586,F005586,C005586,TRUE,FALSE,0
D007587,APP100587,F005587,C005587,FALSE,FALSE,1
D007588,APP100588,F005588,C005588,FALSE,FALSE,0
D007589,APP100589,F005589,C005589,TRUE,FALSE,0
D007590,APP100590,F005590,C005590,TRUE,FALSE,0
D007591,APP100591,F005591,C005591,TRUE,FALSE,1
D007592,APP100592,F005592,C005592,TRUE,FALSE,0
D007593,APP100593,F005593,C005593,FALSE,FALSE,0
D007594,APP100594,F005594,C005594,FALSE,FALSE,1
D007595,APP100595,F005595,C005595,FALSE,FALSE,1
D007596,APP100596,F005596,C005596,FALSE,TRUE,0
D007597,APP100597,F005597,C005597,FALSE,FALSE,0
D007598,APP100598,F005598,C005598,TRUE,FALSE,0
D007599,APP100599,F005599,C005599,TRUE,FALSE,1
D007600,APP100600,F005600,C005600,FALSE,FALSE,0
D007601,APP100601,F005601,C005601,TRUE,FALSE,0
D007602,APP100602,F005602,C005602,FALSE,FALSE,0
D007603,APP100603,F005603,C005603,FALSE,FALSE,0
D007604,APP100604,F005604,C005604,FALSE,FALSE,0
D007605,APP100605,F005605,C005605,FALSE,FALSE,1
D007606,APP100606,F005606,C005606,TRUE,FALSE,0
D007607,APP100607,F005607,C005607,TRUE,FALSE,1
D007608,APP100608,F005608,C005608,FALSE,FALSE,0
D007609,APP100609,F005609,C005609,FALSE,FALSE,0
D007610,APP100610,F005610,C005610,FALSE,FALSE,0
D007611,APP100611,F005611,C005611,TRUE,FALSE,1
D007612,APP100612,F005612,C005612,TRUE,FALSE,1
D007613,APP100613,F005613,C005613,FALSE,FALSE,0
D007614,APP100614,F005614,C005614,FALSE,FALSE,0
D007615,APP100615,F005615,C005615,FALSE,FALSE,0
D007616,APP100616,F005616,C005616,TRUE,FALSE,0
D007617,APP100617,F005617,C005617,FALSE,FALSE,0
D007618,APP100618,F005618,C005618,TRUE,FALSE,1
D007619,APP100619,F005619,C005619,FALSE,FALSE,0
D007620,APP100620,F005620,C005620,TRUE,FALSE,0
D007621,APP100621,F005621,C005621,FALSE,FALSE,0
D007622,APP100622,F005622,C005622,TRUE,FALSE,0
D007623,APP100623,F005623,C005623,FALSE,TRUE,0
D007624,APP100624,F005624,C005624,FALSE,FALSE,0
D007625,APP100625,F005625,C005625,FALSE,FALSE,1
D007626,APP100626,F005626,C005626,TRUE,FALSE,1
D007627,APP100627,F005627,C005627,FALSE,FALSE,1
D007628,APP100628,F005628,C005628,FALSE,FALSE,0
D007629,APP100629,F005629,C005629,FALSE,FALSE,0
D007630,APP100630,F005630,C005630,TRUE,TRUE,0
D007631,APP100631,F005631,C005631,FALSE,FALSE,0
D007632,APP100632,F005632,C005632,TRUE,FALSE,1
D007633,APP100633,F005633,C005633,FALSE,FALSE,1
D007634,APP100634,F005634,C005634,TRUE,FALSE,1
D007635,APP100635,F005635,C005635,FALSE,FALSE,0
D007636,APP100636,F005636,C005636,TRUE,FALSE,1
D007637,APP100637,F005637,C005637,FALSE,FALSE,0
D007638,APP100638,F005638,C005638,TRUE,FALSE,0
D007639,APP100639,F005639,C005639,FALSE,FALSE,1
D007640,APP100640,F005640,C005640,FALSE,FALSE,1
D007641,APP100641,F005641,C005641,FALSE,FALSE,1
D007642,APP100642,F005642,C005642,FALSE,FALSE,0
D007643,APP100643,F005643,C005643,FALSE,FALSE,1
D007644,APP100644,F005644,C005644,TRUE,TRUE,1
D007645,APP100645,F005645,C005645,FALSE,FALSE,0
D007646,APP100646,F005646,C005646,TRUE,FALSE,1
D007647,APP100647,F005647,C005647,TRUE,FALSE,0
D007648,APP100648,F005648,C005648,TRUE,FALSE,1
D007649,APP100649,F005649,C005649,FALSE,FALSE,1
D007650,APP100650,F005650,C005650,FALSE,FALSE,1
D007651,APP100651,F005651,C005651,TRUE,FALSE,1
D007652,APP100652,F005652,C005652,TRUE,FALSE,0
D007653,APP100653,F005653,C005653,FALSE,FALSE,0
D007654,APP100654,F005654,C005654,FALSE,FALSE,1
D007655,APP100655,F005655,C005655,TRUE,FALSE,1
D007656,APP100656,F005656,C005656,FALSE,FALSE,1
D007657,APP100657,F005657,C005657,FALSE,FALSE,1
D007658,APP100658,F005658,C005658,TRUE,FALSE,0
D007659,APP100659,F005659,C005659,FALSE,FALSE,1
D007660,APP100660,F005660,C005660,FALSE,FALSE,1
D007661,APP100661,F005661,C005661,FALSE,FALSE,1
D007662,APP100662,F005662,C005662,FALSE,FALSE,1
D007663,APP100663,F005663,C005663,TRUE,FALSE,0
D007664,APP100664,F005664,C005664,FALSE,FALSE,1
D007665,APP100665,F005665,C005665,FALSE,FALSE,1
D007666,APP100666,F005666,C005666,TRUE,FALSE,1
D007667,APP100667,F005667,C005667,FALSE,FALSE,0
D007668,APP100668,F005668,C005668,TRUE,FALSE,0
D007669,APP100669,F005669,C005669,FALSE,FALSE,1
D007670,APP100670,F005670,C005670,FALSE,FALSE,0
D007671,APP100671,F005671,C005671,FALSE,FALSE,0
D007672,APP100672,F005672,C005672,TRUE,FALSE,0
D007673,APP100673,F005673,C005673,FALSE,FALSE,0
D007674,APP100674,F005674,C005674,TRUE,FALSE,1
D007675,APP100675,F005675,C005675,TRUE,FALSE,0
D007676,APP100676,F005676,C005676,TRUE,FALSE,0
D007677,APP100677,F005677,C005677,FALSE,FALSE,1
D007678,APP100678,F005678,C005678,FALSE,FALSE,1
D007679,APP100679,F005679,C005679,TRUE,FALSE,1
D007680,APP100680,F005680,C005680,FALSE,FALSE,0
D007681,APP100681,F005681,C005681,TRUE,TRUE,0
D007682,APP100682,F005682,C005682,TRUE,FALSE,0
D007683,APP100683,F005683,C005683,TRUE,FALSE,0
D007684,APP100684,F005684,C005684,FALSE,FALSE,1
D007685,APP100685,F005685,C005685,FALSE,FALSE,0
D007686,APP100686,F005686,C005686,FALSE,FALSE,0
D007687,APP100687,F005687,C005687,TRUE,FALSE,0
D007688,APP100688,F005688,C005688,FALSE,FALSE,0
D007689,APP100689,F005689,C005689,FALSE,FALSE,0
D007690,APP100690,F005690,C005690,FALSE,FALSE,0
D007691,APP100691,F005691,C005691,TRUE,FALSE,1
D007692,APP100692,F005692,C005692,FALSE,FALSE,1
D007693,APP100693,F005693,C005693,FALSE,FALSE,1
D007694,APP100694,F005694,C005694,FALSE,FALSE,1
D007695,APP100695,F005695,C005695,TRUE,TRUE,1
D007696,APP100696,F005696,C005696,FALSE,FALSE,1
D007697,APP100697,F005697,C005697,TRUE,FALSE,1
D007698,APP100698,F005698,C005698,FALSE,FALSE,1
D007699,APP100699,F005699,C005699,TRUE,FALSE,1
D007700,APP100700,F005700,C005700,FALSE,FALSE,0
D007701,APP100701,F005701,C005701,FALSE,FALSE,1
D007702,APP100702,F005702,C005702,TRUE,FALSE,1
D007703,APP100703,F005703,C005703,FALSE,FALSE,1
D007704,APP100704,F005704,C005704,FALSE,FALSE,0
D007705,APP100705,F005705,C005705,FALSE,FALSE,1
D007706,APP100706,F005706,C005706,TRUE,FALSE,1
D007707,APP100707,F005707,C005707,TRUE,FALSE,0
D007708,APP100708,F005708,C005708,TRUE,FALSE,1
D007709,APP100709,F005709,C005709,TRUE,FALSE,0
D007710,APP100710,F005710,C005710,FALSE,FALSE,0
D007711,APP100711,F005711,C005711,FALSE,FALSE,1
D007712,APP100712,F005712,C005712,TRUE,FALSE,1
D007713,APP100713,F005713,C005713,FALSE,FALSE,0
D007714,APP100714,F005714,C005714,TRUE,FALSE,1
D007715,APP100715,F005715,C005715,FALSE,FALSE,1
D007716,APP100716,F005716,C005716,TRUE,FALSE,0
D007717,APP100717,F005717,C005717,TRUE,FALSE,0
D007718,APP100718,F005718,C005718,TRUE,FALSE,1
D007719,APP100719,F005719,C005719,FALSE,FALSE,1
D007720,APP100720,F005720,C005720,FALSE,FALSE,1
D007721,APP100721,F005721,C005721,FALSE,FALSE,1
D007722,APP100722,F005722,C005722,TRUE,FALSE,0
D007723,APP100723,F005723,C005723,FALSE,FALSE,0
D007724,APP100724,F005724,C005724,FALSE,FALSE,0
D007725,APP100725,F005725,C005725,FALSE,FALSE,0
D007726,APP100726,F005726,C005726,TRUE,FALSE,0
D007727,APP100727,F005727,C005727,FALSE,FALSE,1
D007728,APP100728,F005728,C005728,FALSE,TRUE,1
D007729,APP100729,F005729,C005729,FALSE,FALSE,0
D007730,APP100730,F005730,C005730,TRUE,FALSE,0
D007731,APP100731,F005731,C005731,FALSE,FALSE,1
D007732,APP100732,F005732,C005732,TRUE,FALSE,0
D007733,APP100733,F005733,C005733,TRUE,FALSE,1
D007734,APP100734,F005734,C005734,TRUE,TRUE,0
D007735,APP100735,F005735,C005735,TRUE,FALSE,0
D007736,APP100736,F005736,C005736,TRUE,FALSE,1
D007737,APP100737,F005737,C005737,FALSE,FALSE,0
D007738,APP100738,F005738,C005738,TRUE,FALSE,0
D007739,APP100739,F005739,C005739,FALSE,FALSE,0
D007740,APP100740,F005740,C005740,TRUE,FALSE,0
D007741,APP100741,F005741,C005741,TRUE,FALSE,0
D007742,APP100742,F005742,C005742,FALSE,FALSE,1
D007743,APP100743,F005743,C005743,FALSE,FALSE,0
D007744,APP100744,F005744,C005744,FALSE,FALSE,1
D007745,APP100745,F005745,C005745,FALSE,FALSE,1
D007746,APP100746,F005746,C005746,FALSE,FALSE,1
D007747,APP100747,F005747,C005747,TRUE,FALSE,0
D007748,APP100748,F005748,C005748,TRUE,FALSE,1
D007749,APP100749,F005749,C005749,FALSE,FALSE,1
D007750,APP100750,F005750,C005750,FALSE,FALSE,1
D007751,APP100751,F005751,C005751,TRUE,TRUE,0
D007752,APP100752,F005752,C005752,TRUE,FALSE,1
D007753,APP100753,F005753,C005753,TRUE,FALSE,1
D007754,APP100754,F005754,C005754,TRUE,FALSE,0
D007755,APP100755,F005755,C005755,FALSE,FALSE,0
D007756,APP100756,F005756,C005756,TRUE,FALSE,0
D007757,APP100757,F005757,C005757,TRUE,FALSE,1
D007758,APP100758,F005758,C005758,TRUE,FALSE,0
D007759,APP100759,F005759,C005759,TRUE,FALSE,0
D007760,APP100760,F005760,C005760,TRUE,FALSE,1
D007761,APP100761,F005761,C005761,TRUE,FALSE,1
D007762,APP100762,F005762,C005762,TRUE,FALSE,1
D007763,APP100763,F005763,C005763,FALSE,FALSE,1
D007764,APP100764,F005764,C005764,FALSE,FALSE,1
D007765,APP100765,F005765,C005765,TRUE,FALSE,1
D007766,APP100766,F005766,C005766,FALSE,FALSE,1
D007767,APP100767,F005767,C005767,FALSE,FALSE,0
D007768,APP100768,F005768,C005768,TRUE,FALSE,0
D007769,APP100769,F005769,C005769,TRUE,FALSE,0
D007770,APP100770,F005770,C005770,FALSE,FALSE,1
D007771,APP100771,F005771,C005771,FALSE,FALSE,1
D007772,APP100772,F005772,C005772,FALSE,FALSE,1
D007773,APP100773,F005773,C005773,TRUE,FALSE,1
D007774,APP100774,F005774,C005774,TRUE,FALSE,1
D007775,APP100775,F005775,C005775,FALSE,FALSE,1
D007776,APP100776,F005776,C005776,FALSE,TRUE,0
D007777,APP100777,F005777,C005777,TRUE,FALSE,1
D007778,APP100778,F005778,C005778,TRUE,FALSE,0
D007779,APP100779,F005779,C005779,TRUE,FALSE,1
D007780,APP100780,F005780,C005780,TRUE,FALSE,1
D007781,APP100781,F005781,C005781,TRUE,FALSE,0
D007782,APP100782,F005782,C005782,FALSE,FALSE,1
D007783,APP100783,F005783,C005783,FALSE,FALSE,1
D007784,APP100784,F005784,C005784,FALSE,TRUE,1
D007785,APP100785,F005785,C005785,TRUE,FALSE,0
D007786,APP100786,F005786,C005786,TRUE,FALSE,1
D007787,APP100787,F005787,C005787,FALSE,FALSE,0
D007788,APP100788,F005788,C005788,FALSE,FALSE,0
D007789,APP100789,F005789,C005789,TRUE,FALSE,0
D007790,APP100790,F005790,C005790,FALSE,FALSE,0
D007791,APP100791,F005791,C005791,FALSE,FALSE,1
D007792,APP100792,F005792,C005792,FALSE,FALSE,0
D007793,APP100793,F005793,C005793,FALSE,FALSE,0
D007794,APP100794,F005794,C005794,TRUE,FALSE,1
D007795,APP100795,F005795,C005795,FALSE,FALSE,1
D007796,APP100796,F005796,C005796,TRUE,FALSE,1
D007797,APP100797,F005797,C005797,FALSE,FALSE,1
D007798,APP100798,F005798,C005798,FALSE,FALSE,0
D007799,APP100799,F005799,C005799,TRUE,FALSE,0
D007800,APP100800,F005800,C005800,FALSE,FALSE,1
D007801,APP100801,F005801,C005801,TRUE,FALSE,1
D007802,APP100802,F005802,C005802,TRUE,TRUE,0
D007803,APP100803,F005803,C005803,FALSE,TRUE,1
D007804,APP100804,F005804,C005804,TRUE,FALSE,1
D007805,APP100805,F005805,C005805,FALSE,FALSE,0
D007806,APP100806,F005806,C005806,FALSE,FALSE,1
D007807,APP100807,F005807,C005807,FALSE,TRUE,0
D007808,APP100808,F005808,C005808,TRUE,FALSE,0
D007809,APP100809,F005809,C005809,FALSE,FALSE,0
D007810,APP100810,F005810,C005810,FALSE,FALSE,1
D007811,APP100811,F005811,C005811,TRUE,FALSE,0
D007812,APP100812,F005812,C005812,FALSE,FALSE,1
D007813,APP100813,F005813,C005813,TRUE,FALSE,1
D007814,APP100814,F005814,C005814,TRUE,FALSE,0
D007815,APP100815,F005815,C005815,FALSE,FALSE,1
D007816,APP100816,F005816,C005816,FALSE,FALSE,1
D007817,APP100817,F005817,C005817,FALSE,FALSE,0
D007818,APP100818,F005818,C005818,FALSE,FALSE,1
D007819,APP100819,F005819,C005819,FALSE,FALSE,1
D007820,APP100820,F005820,C005820,FALSE,FALSE,1
D007821,APP100821,F005821,C005821,TRUE,FALSE,1
D007822,APP100822,F005822,C005822,FALSE,FALSE,0
D007823,APP100823,F005823,C005823,FALSE,FALSE,1
D007824,APP100824,F005824,C005824,TRUE,FALSE,0
D007825,APP100825,F005825,C005825,FALSE,FALSE,1
D007826,APP100826,F005826,C005826,TRUE,FALSE,0
D007827,APP100827,F005827,C005827,FALSE,FALSE,1
D007828,APP100828,F005828,C005828,FALSE,FALSE,0
D007829,APP100829,F005829,C005829,TRUE,FALSE,0
D007830,APP100830,F005830,C005830,FALSE,FALSE,1
D007831,APP100831,F005831,C005831,TRUE,FALSE,0
D007832,APP100832,F005832,C005832,TRUE,FALSE,1
D007833,APP100833,F005833,C005833,TRUE,FALSE,0
D007834,APP100834,F005834,C005834,TRUE,TRUE,0
D007835,APP100835,F005835,C005835,TRUE,FALSE,0
D007836,APP100836,F005836,C005836,TRUE,FALSE,1
D007837,APP100837,F005837,C005837,FALSE,FALSE,0
D007838,APP100838,F005838,C005838,FALSE,FALSE,1
D007839,APP100839,F005839,C005839,TRUE,FALSE,0
D007840,APP100840,F005840,C005840,TRUE,FALSE,0
D007841,APP100841,F005841,C005841,TRUE,FALSE,1
D007842,APP100842,F005842,C005842,TRUE,FALSE,0
D007843,APP100843,F005843,C005843,FALSE,FALSE,0
D007844,APP100844,F005844,C005844,TRUE,FALSE,0
D007845,APP100845,F005845,C005845,FALSE,FALSE,1
D007846,APP100846,F005846,C005846,TRUE,TRUE,0
D007847,APP100847,F005847,C005847,FALSE,FALSE,1
D007848,APP100848,F005848,C005848,TRUE,FALSE,1
D007849,APP100849,F005849,C005849,TRUE,FALSE,0
D007850,APP100850,F005850,C005850,FALSE,FALSE,1
D007851,APP100851,F005851,C005851,FALSE,FALSE,0
D007852,APP100852,F005852,C005852,TRUE,FALSE,1
D007853,APP100853,F005853,C005853,FALSE,FALSE,1
D007854,APP100854,F005854,C005854,TRUE,FALSE,0
D007855,APP100855,F005855,C005855,FALSE,FALSE,1
D007856,APP100856,F005856,C005856,TRUE,FALSE,1
D007857,APP100857,F005857,C005857,FALSE,FALSE,1
D007858,APP100858,F005858,C005858,TRUE,FALSE,1
D007859,APP100859,F005859,C005859,FALSE,FALSE,1
D007860,APP100860,F005860,C005860,TRUE,FALSE,0
D007861,APP100861,F005861,C005861,FALSE,FALSE,1
D007862,APP100862,F005862,C005862,FALSE,FALSE,0
D007863,APP100863,F005863,C005863,TRUE,FALSE,1
D007864,APP100864,F005864,C005864,FALSE,FALSE,0
D007865,APP100865,F005865,C005865,TRUE,FALSE,1
D007866,APP100866,F005866,C005866,FALSE,FALSE,1
D007867,APP100867,F005867,C005867,TRUE,FALSE,0
D007868,APP100868,F005868,C005868,FALSE,FALSE,0
D007869,APP100869,F005869,C005869,TRUE,FALSE,0
D007870,APP100870,F005870,C005870,FALSE,FALSE,0
D007871,APP100871,F005871,C005871,FALSE,FALSE,0
D007872,APP100872,F005872,C005872,TRUE,FALSE,1
D007873,APP100873,F005873,C005873,TRUE,FALSE,0
D007874,APP100874,F005874,C005874,FALSE,TRUE,1
D007875,APP100875,F005875,C005875,FALSE,FALSE,1
D007876,APP100876,F005876,C005876,TRUE,FALSE,1
D007877,APP100877,F005877,C005877,FALSE,FALSE,0
D007878,APP100878,F005878,C005878,TRUE,FALSE,0
D007879,APP100879,F005879,C005879,TRUE,FALSE,0
D007880,APP100880,F005880,C005880,TRUE,FALSE,1
D007881,APP100881,F005881,C005881,FALSE,FALSE,1
D007882,APP100882,F005882,C005882,FALSE,FALSE,1
D007883,APP100883,F005883,C005883,FALSE,FALSE,1
D007884,APP100884,F005884,C005884,FALSE,FALSE,0
D007885,APP100885,F005885,C005885,TRUE,TRUE,0
D007886,APP100886,F005886,C005886,FALSE,FALSE,1
D007887,APP100887,F005887,C005887,TRUE,FALSE,1
D007888,APP100888,F005888,C005888,FALSE,FALSE,0
D007889,APP100889,F005889,C005889,TRUE,FALSE,1
D007890,APP100890,F005890,C005890,FALSE,FALSE,1
D007891,APP100891,F005891,C005891,TRUE,FALSE,0
D007892,APP100892,F005892,C005892,FALSE,FALSE,1
D007893,APP100893,F005893,C005893,TRUE,FALSE,0
D007894,APP100894,F005894,C005894,TRUE,FALSE,0
D007895,APP100895,F005895,C005895,FALSE,FALSE,0
D007896,APP100896,F005896,C005896,TRUE,FALSE,0
D007897,APP100897,F005897,C005897,TRUE,FALSE,0
D007898,APP100898,F005898,C005898,FALSE,FALSE,0
D007899,APP100899,F005899,C005899,FALSE,FALSE,1
D007900,APP100900,F005900,C005900,FALSE,FALSE,1
D007901,APP100901,F005901,C005901,FALSE,FALSE,1
D007902,APP100902,F005902,C005902,TRUE,FALSE,0
D007903,APP100903,F005903,C005903,FALSE,FALSE,1
D007904,APP100904,F005904,C005904,FALSE,FALSE,0
D007905,APP100905,F005905,C005905,FALSE,FALSE,1
D007906,APP100906,F005906,C005906,FALSE,FALSE,0
D007907,APP100907,F005907,C005907,TRUE,TRUE,1
D007908,APP100908,F005908,C005908,FALSE,FALSE,1
D007909,APP100909,F005909,C005909,FALSE,FALSE,1
D007910,APP100910,F005910,C005910,TRUE,FALSE,1
D007911,APP100911,F005911,C005911,TRUE,FALSE,0
D007912,APP100912,F005912,C005912,FALSE,FALSE,1
D007913,APP100913,F005913,C005913,TRUE,FALSE,1
D007914,APP100914,F005914,C005914,TRUE,FALSE,1
D007915,APP100915,F005915,C005915,TRUE,FALSE,1
D007916,APP100916,F005916,C005916,FALSE,FALSE,0
D007917,APP100917,F005917,C005917,TRUE,FALSE,1
D007918,APP100918,F005918,C005918,FALSE,FALSE,0
D007919,APP100919,F005919,C005919,TRUE,FALSE,1
D007920,APP100920,F005920,C005920,FALSE,FALSE,0
D007921,APP100921,F005921,C005921,TRUE,FALSE,0
D007922,APP100922,F005922,C005922,FALSE,FALSE,1
D007923,APP100923,F005923,C005923,TRUE,FALSE,1
D007924,APP100924,F005924,C005924,FALSE,FALSE,0
D007925,APP100925,F005925,C005925,FALSE,FALSE,0
D007926,APP100926,F005926,C005926,TRUE,FALSE,0
D007927,APP100927,F005927,C005927,TRUE,FALSE,1
D007928,APP100928,F005928,C005928,FALSE,FALSE,1
D007929,APP100929,F005929,C005929,FALSE,FALSE,1
D007930,APP100930,F005930,C005930,FALSE,FALSE,1
D007931,APP100931,F005931,C005931,FALSE,FALSE,0
D007932,APP100932,F005932,C005932,TRUE,FALSE,0
D007933,APP100933,F005933,C005933,TRUE,FALSE,1
D007934,APP100934,F005934,C005934,FALSE,FALSE,1
D007935,APP100935,F005935,C005935,TRUE,FALSE,1
D007936,APP100936,F005936,C005936,FALSE,FALSE,1
D007937,APP100937,F005937,C005937,FALSE,FALSE,1
D007938,APP100938,F005938,C005938,FALSE,FALSE,0
D007939,APP100939,F005939,C005939,FALSE,FALSE,0
D007940,APP100940,F005940,C005940,TRUE,FALSE,0
D007941,APP100941,F005941,C005941,FALSE,FALSE,1
D007942,APP100942,F005942,C005942,FALSE,FALSE,0
D007943,APP100943,F005943,C005943,FALSE,FALSE,1
D007944,APP100944,F005944,C005944,TRUE,FALSE,1
D007945,APP100945,F005945,C005945,FALSE,FALSE,1
D007946,APP100946,F005946,C005946,TRUE,FALSE,0
D007947,APP100947,F005947,C005947,FALSE,FALSE,1
D007948,APP100948,F005948,C005948,FALSE,FALSE,1
D007949,APP100949,F005949,C005949,TRUE,FALSE,1
D007950,APP100950,F005950,C005950,FALSE,FALSE,1
D007951,APP100951,F005951,C005951,TRUE,FALSE,1
D007952,APP100952,F005952,C005952,FALSE,FALSE,0
D007953,APP100953,F005953,C005953,FALSE,FALSE,1
D007954,APP100954,F005954,C005954,TRUE,TRUE,0
D007955,APP100955,F005955,C005955,FALSE,FALSE,0
D007956,APP100956,F005956,C005956,TRUE,FALSE,0
D007957,APP100957,F005957,C005957,TRUE,FALSE,0
D007958,APP100958,F005958,C005958,TRUE,FALSE,0
D007959,APP100959,F005959,C005959,TRUE,FALSE,1
D007960,APP100960,F005960,C005960,FALSE,FALSE,0
D007961,APP100961,F005961,C005961,FALSE,FALSE,1
D007962,APP100962,F005962,C005962,FALSE,FALSE,0
D007963,APP100963,F005963,C005963,FALSE,FALSE,0
D007964,APP100964,F005964,C005964,FALSE,FALSE,1
D007965,APP100965,F005965,C005965,FALSE,FALSE,1
D007966,APP100966,F005966,C005966,TRUE,FALSE,0
D007967,APP100967,F005967,C005967,FALSE,FALSE,1
D007968,APP100968,F005968,C005968,FALSE,FALSE,0
D007969,APP100969,F005969,C005969,FALSE,FALSE,1
D007970,APP100970,F005970,C005970,TRUE,FALSE,1
D007971,APP100971,F005971,C005971,FALSE,FALSE,1
D007972,APP100972,F005972,C005972,TRUE,FALSE,0
D007973,APP100973,F005973,C005973,FALSE,FALSE,0
D007974,APP100974,F005974,C005974,TRUE,FALSE,0
D007975,APP100975,F005975,C005975,TRUE,FALSE,0
D007976,APP100976,F005976,C005976,FALSE,FALSE,1
D007977,APP100977,F005977,C005977,TRUE,FALSE,0
D007978,APP100978,F005978,C005978,FALSE,FALSE,1
D007979,APP100979,F005979,C005979,FALSE,FALSE,0
D007980,APP100980,F005980,C005980,TRUE,FALSE,1
D007981,APP100981,F005981,C005981,TRUE,FALSE,0
D007982,APP100982,F005982,C005982,FALSE,FALSE,0
D007983,APP100983,F005983,C005983,FALSE,FALSE,1
D007984,APP100984,F005984,C005984,FALSE,FALSE,1
D007985,APP100985,F005985,C005985,TRUE,FALSE,1
D007986,APP100986,F005986,C005986,FALSE,FALSE,0
D007987,APP100987,F005987,C005987,TRUE,FALSE,0
D007988,APP100988,F005988,C005988,TRUE,FALSE,0
D007989,APP100989,F005989,C005989,FALSE,FALSE,0
D007990,APP100990,F005990,C005990,FALSE,FALSE,0
D007991,APP100991,F005991,C005991,FALSE,FALSE,0
D007992,APP100992,F005992,C005992,TRUE,FALSE,0
D007993,APP100993,F005993,C005993,TRUE,FALSE,0
D007994,APP100994,F005994,C005994,TRUE,FALSE,0
D007995,APP100995,F005995,C005995,FALSE,FALSE,0
D007996,APP100996,F005996,C005996,FALSE,FALSE,1
D007997,APP100997,F005997,C005997,TRUE,FALSE,1
D007998,APP100998,F005998,C005998,TRUE,FALSE,1
D007999,APP100999,F005999,C005999,TRUE,FALSE,1
D008000,APP101000,F006000,C006000,TRUE,FALSE,1
D008001,APP101001,F006001,C006001,TRUE,FALSE,1
D008002,APP101002,F006002,C006002,TRUE,FALSE,0
D008003,APP101003,F006003,C006003,TRUE,FALSE,0
D008004,APP101004,F006004,C006004,FALSE,FALSE,0
D008005,APP101005,F006005,C006005,TRUE,FALSE,1
D008006,APP101006,F006006,C006006,TRUE,FALSE,0
D008007,APP101007,F006007,C006007,FALSE,FALSE,1
D008008,APP101008,F006008,C006008,TRUE,FALSE,0
D008009,APP101009,F006009,C006009,FALSE,FALSE,0
D008010,APP101010,F006010,C006010,TRUE,FALSE,0
D008011,APP101011,F006011,C006011,TRUE,FALSE,0
D008012,APP101012,F006012,C006012,FALSE,FALSE,1
D008013,APP101013,F006013,C006013,FALSE,FALSE,1
D008014,APP101014,F006014,C006014,TRUE,FALSE,0
D008015,APP101015,F006015,C006015,FALSE,FALSE,0
D008016,APP101016,F006016,C006016,FALSE,FALSE,0
D008017,APP101017,F006017,C006017,TRUE,FALSE,0
D008018,APP101018,F006018,C006018,TRUE,FALSE,1
D008019,APP101019,F006019,C006019,FALSE,FALSE,0
D008020,APP101020,F006020,C006020,TRUE,FALSE,0
D008021,APP101021,F006021,C006021,FALSE,FALSE,0
D008022,APP101022,F006022,C006022,TRUE,FALSE,0
D008023,APP101023,F006023,C006023,FALSE,FALSE,0
D008024,APP101024,F006024,C006024,TRUE,FALSE,0
D008025,APP101025,F006025,C006025,TRUE,FALSE,1
D008026,APP101026,F006026,C006026,FALSE,FALSE,1
D008027,APP101027,F006027,C006027,TRUE,FALSE,1
D008028,APP101028,F006028,C006028,TRUE,FALSE,0
D008029,APP101029,F006029,C006029,FALSE,FALSE,0
D008030,APP101030,F006030,C006030,FALSE,FALSE,1
D008031,APP101031,F006031,C006031,FALSE,FALSE,0
D008032,APP101032,F006032,C006032,FALSE,FALSE,1
D008033,APP101033,F006033,C006033,FALSE,FALSE,0
D008034,APP101034,F006034,C006034,FALSE,FALSE,0
D008035,APP101035,F006035,C006035,TRUE,FALSE,1
D008036,APP101036,F006036,C006036,TRUE,FALSE,1
D008037,APP101037,F006037,C006037,TRUE,FALSE,1
D008038,APP101038,F006038,C006038,FALSE,FALSE,0
D008039,APP101039,F006039,C006039,TRUE,FALSE,1
D008040,APP101040,F006040,C006040,FALSE,FALSE,0
D008041,APP101041,F006041,C006041,FALSE,FALSE,0
D008042,APP101042,F006042,C006042,FALSE,FALSE,0
D008043,APP101043,F006043,C006043,TRUE,FALSE,1
D008044,APP101044,F006044,C006044,FALSE,FALSE,1
D008045,APP101045,F006045,C006045,TRUE,FALSE,0
D008046,APP101046,F006046,C006046,FALSE,FALSE,1
D008047,APP101047,F006047,C006047,FALSE,FALSE,1
D008048,APP101048,F006048,C006048,FALSE,FALSE,1
D008049,APP101049,F006049,C006049,TRUE,FALSE,1
D008050,APP101050,F006050,C006050,TRUE,FALSE,1
D008051,APP101051,F006051,C006051,TRUE,FALSE,1
D008052,APP101052,F006052,C006052,TRUE,FALSE,0
D008053,APP101053,F006053,C006053,FALSE,FALSE,1
D008054,APP101054,F006054,C006054,FALSE,FALSE,0
D008055,APP101055,F006055,C006055,TRUE,FALSE,0
D008056,APP101056,F006056,C006056,TRUE,FALSE,1
D008057,APP101057,F006057,C006057,FALSE,FALSE,1
D008058,APP101058,F006058,C006058,TRUE,FALSE,1
D008059,APP101059,F006059,C006059,FALSE,FALSE,1
D008060,APP101060,F006060,C006060,TRUE,FALSE,0
D008061,APP101061,F006061,C006061,TRUE,TRUE,0
D008062,APP101062,F006062,C006062,FALSE,FALSE,1
D008063,APP101063,F006063,C006063,TRUE,FALSE,1
D008064,APP101064,F006064,C006064,FALSE,FALSE,0
D008065,APP101065,F006065,C006065,FALSE,FALSE,0
D008066,APP101066,F006066,C006066,FALSE,FALSE,1
D008067,APP101067,F006067,C006067,TRUE,FALSE,1
D008068,APP101068,F006068,C006068,FALSE,FALSE,0
D008069,APP101069,F006069,C006069,FALSE,FALSE,1
D008070,APP101070,F006070,C006070,FALSE,FALSE,0
D008071,APP101071,F006071,C006071,FALSE,FALSE,0
D008072,APP101072,F006072,C006072,TRUE,FALSE,0
D008073,APP101073,F006073,C006073,FALSE,FALSE,1
D008074,APP101074,F006074,C006074,FALSE,FALSE,0
D008075,APP101075,F006075,C006075,FALSE,FALSE,0
D008076,APP101076,F006076,C006076,FALSE,FALSE,1
D008077,APP101077,F006077,C006077,TRUE,FALSE,0
D008078,APP101078,F006078,C006078,TRUE,FALSE,0
D008079,APP101079,F006079,C006079,FALSE,FALSE,1
D008080,APP101080,F006080,C006080,TRUE,FALSE,0
D008081,APP101081,F006081,C006081,TRUE,FALSE,1
D008082,APP101082,F006082,C006082,FALSE,FALSE,0
D008083,APP101083,F006083,C006083,TRUE,FALSE,1
D008084,APP101084,F006084,C006084,TRUE,FALSE,1
D008085,APP101085,F006085,C006085,TRUE,FALSE,0
D008086,APP101086,F006086,C006086,TRUE,FALSE,1
D008087,APP101087,F006087,C006087,FALSE,FALSE,0
D008088,APP101088,F006088,C006088,TRUE,FALSE,0
D008089,APP101089,F006089,C006089,TRUE,FALSE,0
D008090,APP101090,F006090,C006090,FALSE,FALSE,1
D008091,APP101091,F006091,C006091,FALSE,FALSE,0
D008092,APP101092,F006092,C006092,FALSE,FALSE,0
D008093,APP101093,F006093,C006093,FALSE,FALSE,1
D008094,APP101094,F006094,C006094,TRUE,FALSE,0
D008095,APP101095,F006095,C006095,TRUE,FALSE,1
D008096,APP101096,F006096,C006096,FALSE,FALSE,0
D008097,APP101097,F006097,C006097,FALSE,FALSE,0
D008098,APP101098,F006098,C006098,FALSE,FALSE,1
D008099,APP101099,F006099,C006099,FALSE,FALSE,0
D008100,APP101100,F006100,C006100,TRUE,FALSE,0
D008101,APP101101,F006101,C006101,TRUE,FALSE,1
D008102,APP101102,F006102,C006102,FALSE,FALSE,0
D008103,APP101103,F006103,C006103,TRUE,FALSE,0
D008104,APP101104,F006104,C006104,TRUE,FALSE,0
D008105,APP101105,F006105,C006105,TRUE,FALSE,0
D008106,APP101106,F006106,C006106,FALSE,FALSE,1
D008107,APP101107,F006107,C006107,TRUE,FALSE,0
D008108,APP101108,F006108,C006108,TRUE,FALSE,1
D008109,APP101109,F006109,C006109,FALSE,FALSE,0
D008110,APP101110,F006110,C006110,FALSE,FALSE,0
D008111,APP101111,F006111,C006111,FALSE,FALSE,1
D008112,APP101112,F006112,C006112,FALSE,FALSE,1
D008113,APP101113,F006113,C006113,TRUE,FALSE,1
D008114,APP101114,F006114,C006114,FALSE,FALSE,1
D008115,APP101115,F006115,C006115,TRUE,FALSE,1
D008116,APP101116,F006116,C006116,FALSE,FALSE,1
D008117,APP101117,F006117,C006117,TRUE,FALSE,0
D008118,APP101118,F006118,C006118,TRUE,FALSE,0
D008119,APP101119,F006119,C006119,FALSE,FALSE,0
D008120,APP101120,F006120,C006120,TRUE,FALSE,0
D008121,APP101121,F006121,C006121,FALSE,FALSE,0
D008122,APP101122,F006122,C006122,TRUE,TRUE,0
D008123,APP101123,F006123,C006123,FALSE,FALSE,1
D008124,APP101124,F006124,C006124,FALSE,FALSE,1
D008125,APP101125,F006125,C006125,FALSE,FALSE,0
D008126,APP101126,F006126,C006126,FALSE,FALSE,1
D008127,APP101127,F006127,C006127,TRUE,FALSE,1
D008128,APP101128,F006128,C006128,FALSE,FALSE,1
D008129,APP101129,F006129,C006129,FALSE,FALSE,0
D008130,APP101130,F006130,C006130,TRUE,FALSE,0
D008131,APP101131,F006131,C006131,TRUE,FALSE,0
D008132,APP101132,F006132,C006132,TRUE,FALSE,0
D008133,APP101133,F006133,C006133,FALSE,FALSE,0
D008134,APP101134,F006134,C006134,FALSE,FALSE,0
D008135,APP101135,F006135,C006135,FALSE,FALSE,1
D008136,APP101136,F006136,C006136,FALSE,FALSE,1
D008137,APP101137,F006137,C006137,TRUE,FALSE,0
D008138,APP101138,F006138,C006138,TRUE,FALSE,0
D008139,APP101139,F006139,C006139,FALSE,FALSE,1
D008140,APP101140,F006140,C006140,FALSE,FALSE,0
D008141,APP101141,F006141,C006141,TRUE,FALSE,0
D008142,APP101142,F006142,C006142,FALSE,FALSE,0
D008143,APP101143,F006143,C006143,TRUE,FALSE,1
D008144,APP101144,F006144,C006144,FALSE,FALSE,0
D008145,APP101145,F006145,C006145,FALSE,FALSE,1
D008146,APP101146,F006146,C006146,TRUE,FALSE,0
D008147,APP101147,F006147,C006147,TRUE,FALSE,1
D008148,APP101148,F006148,C006148,FALSE,FALSE,1
D008149,APP101149,F006149,C006149,FALSE,FALSE,1
D008150,APP101150,F006150,C006150,TRUE,FALSE,0
D008151,APP101151,F006151,C006151,FALSE,FALSE,1
D008152,APP101152,F006152,C006152,TRUE,FALSE,0
D008153,APP101153,F006153,C006153,TRUE,FALSE,1
D008154,APP101154,F006154,C006154,FALSE,FALSE,0
D008155,APP101155,F006155,C006155,TRUE,FALSE,0
D008156,APP101156,F006156,C006156,TRUE,FALSE,1
D008157,APP101157,F006157,C006157,FALSE,FALSE,1
D008158,APP101158,F006158,C006158,TRUE,FALSE,0
D008159,APP101159,F006159,C006159,TRUE,FALSE,1
D008160,APP101160,F006160,C006160,FALSE,TRUE,0
D008161,APP101161,F006161,C006161,FALSE,FALSE,0
D008162,APP101162,F006162,C006162,TRUE,FALSE,1
D008163,APP101163,F006163,C006163,FALSE,FALSE,1
D008164,APP101164,F006164,C006164,TRUE,TRUE,0
D008165,APP101165,F006165,C006165,FALSE,FALSE,0
D008166,APP101166,F006166,C006166,FALSE,FALSE,1
D008167,APP101167,F006167,C006167,FALSE,TRUE,1
D008168,APP101168,F006168,C006168,TRUE,FALSE,0
D008169,APP101169,F006169,C006169,FALSE,FALSE,0
D008170,APP101170,F006170,C006170,FALSE,FALSE,1
D008171,APP101171,F006171,C006171,FALSE,FALSE,1
D008172,APP101172,F006172,C006172,FALSE,FALSE,0
D008173,APP101173,F006173,C006173,TRUE,TRUE,0
D008174,APP101174,F006174,C006174,FALSE,FALSE,0
D008175,APP101175,F006175,C006175,FALSE,FALSE,0
D008176,APP101176,F006176,C006176,TRUE,FALSE,0
D008177,APP101177,F006177,C006177,TRUE,FALSE,1
D008178,APP101178,F006178,C006178,FALSE,FALSE,1
D008179,APP101179,F006179,C006179,TRUE,FALSE,1
D008180,APP101180,F006180,C006180,FALSE,FALSE,0
D008181,APP101181,F006181,C006181,TRUE,FALSE,0
D008182,APP101182,F006182,C006182,FALSE,TRUE,0
D008183,APP101183,F006183,C006183,FALSE,TRUE,1
D008184,APP101184,F006184,C006184,FALSE,FALSE,0
D008185,APP101185,F006185,C006185,FALSE,FALSE,1
D008186,APP101186,F006186,C006186,TRUE,FALSE,0
D008187,APP101187,F006187,C006187,FALSE,FALSE,0
D008188,APP101188,F006188,C006188,FALSE,FALSE,0
D008189,APP101189,F006189,C006189,FALSE,FALSE,0
D008190,APP101190,F006190,C006190,FALSE,FALSE,0
D008191,APP101191,F006191,C006191,TRUE,FALSE,1
D008192,APP101192,F006192,C006192,TRUE,FALSE,0
D008193,APP101193,F006193,C006193,TRUE,FALSE,0
D008194,APP101194,F006194,C006194,TRUE,FALSE,1
D008195,APP101195,F006195,C006195,FALSE,FALSE,1
D008196,APP101196,F006196,C006196,FALSE,FALSE,1
D008197,APP101197,F006197,C006197,FALSE,FALSE,1
D008198,APP101198,F006198,C006198,TRUE,FALSE,0
D008199,APP101199,F006199,C006199,TRUE,FALSE,0
D008200,APP101200,F006200,C006200,FALSE,FALSE,0
D008201,APP101201,F006201,C006201,TRUE,FALSE,1
D008202,APP101202,F006202,C006202,FALSE,FALSE,1
D008203,APP101203,F006203,C006203,TRUE,FALSE,1
D008204,APP101204,F006204,C006204,FALSE,FALSE,0
D008205,APP101205,F006205,C006205,FALSE,TRUE,0
D008206,APP101206,F006206,C006206,FALSE,FALSE,0
D008207,APP101207,F006207,C006207,TRUE,FALSE,0
D008208,APP101208,F006208,C006208,FALSE,FALSE,0
D008209,APP101209,F006209,C006209,TRUE,FALSE,1
D008210,APP101210,F006210,C006210,FALSE,FALSE,1
D008211,APP101211,F006211,C006211,TRUE,FALSE,1
D008212,APP101212,F006212,C006212,FALSE,FALSE,0
D008213,APP101213,F006213,C006213,FALSE,FALSE,1
D008214,APP101214,F006214,C006214,FALSE,FALSE,0
D008215,APP101215,F006215,C006215,FALSE,FALSE,1
D008216,APP101216,F006216,C006216,FALSE,FALSE,0
D008217,APP101217,F006217,C006217,FALSE,FALSE,1
D008218,APP101218,F006218,C006218,TRUE,FALSE,0
D008219,APP101219,F006219,C006219,TRUE,FALSE,1
D008220,APP101220,F006220,C006220,TRUE,FALSE,1
D008221,APP101221,F006221,C006221,FALSE,FALSE,0
D008222,APP101222,F006222,C006222,TRUE,FALSE,1
D008223,APP101223,F006223,C006223,TRUE,FALSE,1
D008224,APP101224,F006224,C006224,FALSE,FALSE,1
D008225,APP101225,F006225,C006225,TRUE,FALSE,0
D008226,APP101226,F006226,C006226,TRUE,FALSE,0
D008227,APP101227,F006227,C006227,FALSE,FALSE,1
D008228,APP101228,F006228,C006228,TRUE,FALSE,0
D008229,APP101229,F006229,C006229,FALSE,FALSE,1
D008230,APP101230,F006230,C006230,TRUE,FALSE,0
D008231,APP101231,F006231,C006231,FALSE,FALSE,0
D008232,APP101232,F006232,C006232,FALSE,FALSE,1
D008233,APP101233,F006233,C006233,FALSE,FALSE,1
D008234,APP101234,F006234,C006234,FALSE,FALSE,0
D008235,APP101235,F006235,C006235,FALSE,FALSE,0
D008236,APP101236,F006236,C006236,TRUE,FALSE,1
D008237,APP101237,F006237,C006237,TRUE,FALSE,1
D008238,APP101238,F006238,C006238,FALSE,FALSE,0
D008239,APP101239,F006239,C006239,FALSE,FALSE,1
D008240,APP101240,F006240,C006240,TRUE,TRUE,0
D008241,APP101241,F006241,C006241,TRUE,FALSE,1
D008242,APP101242,F006242,C006242,FALSE,FALSE,1
D008243,APP101243,F006243,C006243,FALSE,FALSE,1
D008244,APP101244,F006244,C006244,TRUE,FALSE,0
D008245,APP101245,F006245,C006245,TRUE,FALSE,0
D008246,APP101246,F006246,C006246,FALSE,FALSE,0
D008247,APP101247,F006247,C006247,FALSE,FALSE,0
D008248,APP101248,F006248,C006248,TRUE,FALSE,1
D008249,APP101249,F006249,C006249,FALSE,FALSE,0
D008250,APP101250,F006250,C006250,TRUE,FALSE,0
D008251,APP101251,F006251,C006251,TRUE,FALSE,0
D008252,APP101252,F006252,C006252,TRUE,FALSE,1
D008253,APP101253,F006253,C006253,TRUE,FALSE,1
D008254,APP101254,F006254,C006254,FALSE,FALSE,1
D008255,APP101255,F006255,C006255,TRUE,FALSE,0
D008256,APP101256,F006256,C006256,TRUE,FALSE,1
D008257,APP101257,F006257,C006257,TRUE,FALSE,1
D008258,APP101258,F006258,C006258,FALSE,FALSE,0
D008259,APP101259,F006259,C006259,TRUE,FALSE,0
D008260,APP101260,F006260,C006260,FALSE,FALSE,1
D008261,APP101261,F006261,C006261,FALSE,FALSE,1
D008262,APP101262,F006262,C006262,TRUE,FALSE,0
D008263,APP101263,F006263,C006263,TRUE,FALSE,1
D008264,APP101264,F006264,C006264,FALSE,TRUE,1
D008265,APP101265,F006265,C006265,TRUE,FALSE,1
D008266,APP101266,F006266,C006266,FALSE,FALSE,0
D008267,APP101267,F006267,C006267,FALSE,FALSE,1
D008268,APP101268,F006268,C006268,TRUE,FALSE,0
D008269,APP101269,F006269,C006269,FALSE,FALSE,1
D008270,APP101270,F006270,C006270,TRUE,FALSE,0
D008271,APP101271,F006271,C006271,FALSE,FALSE,0
D008272,APP101272,F006272,C006272,TRUE,FALSE,1
D008273,APP101273,F006273,C006273,TRUE,FALSE,1
D008274,APP101274,F006274,C006274,FALSE,FALSE,0
D008275,APP101275,F006275,C006275,FALSE,FALSE,0
D008276,APP101276,F006276,C006276,TRUE,FALSE,0
D008277,APP101277,F006277,C006277,FALSE,FALSE,0
D008278,APP101278,F006278,C006278,TRUE,FALSE,0
D008279,APP101279,F006279,C006279,TRUE,FALSE,0
D008280,APP101280,F006280,C006280,FALSE,FALSE,0
D008281,APP101281,F006281,C006281,TRUE,FALSE,1
D008282,APP101282,F006282,C006282,FALSE,FALSE,1
D008283,APP101283,F006283,C006283,TRUE,FALSE,0
D008284,APP101284,F006284,C006284,FALSE,FALSE,1
D008285,APP101285,F006285,C006285,TRUE,FALSE,1
D008286,APP101286,F006286,C006286,TRUE,FALSE,0
D008287,APP101287,F006287,C006287,FALSE,FALSE,0
D008288,APP101288,F006288,C006288,FALSE,FALSE,0
D008289,APP101289,F006289,C006289,TRUE,FALSE,0
D008290,APP101290,F006290,C006290,TRUE,FALSE,0
D008291,APP101291,F006291,C006291,FALSE,FALSE,0
D008292,APP101292,F006292,C006292,FALSE,FALSE,1
D008293,APP101293,F006293,C006293,FALSE,FALSE,1
D008294,APP101294,F006294,C006294,FALSE,FALSE,1
D008295,APP101295,F006295,C006295,TRUE,FALSE,1
D008296,APP101296,F006296,C006296,TRUE,FALSE,1
D008297,APP101297,F006297,C006297,FALSE,FALSE,0
D008298,APP101298,F006298,C006298,TRUE,FALSE,0
D008299,APP101299,F006299,C006299,FALSE,FALSE,1
D008300,APP101300,F006300,C006300,FALSE,FALSE,0
D008301,APP101301,F006301,C006301,FALSE,FALSE,1
D008302,APP101302,F006302,C006302,FALSE,FALSE,1
D008303,APP101303,F006303,C006303,FALSE,FALSE,1
D008304,APP101304,F006304,C006304,FALSE,FALSE,1
D008305,APP101305,F006305,C006305,FALSE,FALSE,0
D008306,APP101306,F006306,C006306,FALSE,FALSE,1
D008307,APP101307,F006307,C006307,FALSE,FALSE,1
D008308,APP101308,F006308,C006308,TRUE,FALSE,0
D008309,APP101309,F006309,C006309,TRUE,FALSE,0
D008310,APP101310,F006310,C006310,TRUE,FALSE,1
D008311,APP101311,F006311,C006311,TRUE,FALSE,0
D008312,APP101312,F006312,C006312,TRUE,FALSE,1
D008313,APP101313,F006313,C006313,TRUE,FALSE,0
D008314,APP101314,F006314,C006314,TRUE,FALSE,1
D008315,APP101315,F006315,C006315,TRUE,FALSE,1
D008316,APP101316,F006316,C006316,TRUE,FALSE,0
D008317,APP101317,F006317,C006317,TRUE,FALSE,0
D008318,APP101318,F006318,C006318,TRUE,FALSE,0
D008319,APP101319,F006319,C006319,FALSE,FALSE,0
D008320,APP101320,F006320,C006320,FALSE,FALSE,0
D008321,APP101321,F006321,C006321,FALSE,FALSE,0
D008322,APP101322,F006322,C006322,TRUE,FALSE,0
D008323,APP101323,F006323,C006323,FALSE,FALSE,1
D008324,APP101324,F006324,C006324,TRUE,FALSE,0
D008325,APP101325,F006325,C006325,TRUE,FALSE,1
D008326,APP101326,F006326,C006326,FALSE,FALSE,0
D008327,APP101327,F006327,C006327,FALSE,FALSE,1
D008328,APP101328,F006328,C006328,TRUE,FALSE,1
D008329,APP101329,F006329,C006329,TRUE,FALSE,0
D008330,APP101330,F006330,C006330,FALSE,FALSE,1
D008331,APP101331,F006331,C006331,TRUE,FALSE,1
D008332,APP101332,F006332,C006332,FALSE,FALSE,1
D008333,APP101333,F006333,C006333,FALSE,FALSE,1
D008334,APP101334,F006334,C006334,FALSE,FALSE,1
D008335,APP101335,F006335,C006335,TRUE,FALSE,1
D008336,APP101336,F006336,C006336,FALSE,FALSE,0
D008337,APP101337,F006337,C006337,FALSE,FALSE,1
D008338,APP101338,F006338,C006338,FALSE,FALSE,0
D008339,APP101339,F006339,C006339,TRUE,FALSE,1
D008340,APP101340,F006340,C006340,FALSE,FALSE,0
D008341,APP101341,F006341,C006341,FALSE,FALSE,1
D008342,APP101342,F006342,C006342,FALSE,FALSE,0
D008343,APP101343,F006343,C006343,TRUE,FALSE,0
D008344,APP101344,F006344,C006344,FALSE,FALSE,1
D008345,APP101345,F006345,C006345,FALSE,FALSE,0
D008346,APP101346,F006346,C006346,TRUE,FALSE,1
D008347,APP101347,F006347,C006347,FALSE,FALSE,0
D008348,APP101348,F006348,C006348,FALSE,FALSE,1
D008349,APP101349,F006349,C006349,TRUE,FALSE,1
D008350,APP101350,F006350,C006350,FALSE,FALSE,1
D008351,APP101351,F006351,C006351,FALSE,FALSE,1
D008352,APP101352,F006352,C006352,FALSE,FALSE,1
D008353,APP101353,F006353,C006353,FALSE,FALSE,0
D008354,APP101354,F006354,C006354,FALSE,FALSE,0
D008355,APP101355,F006355,C006355,TRUE,FALSE,1
D008356,APP101356,F006356,C006356,TRUE,TRUE,0
D008357,APP101357,F006357,C006357,FALSE,FALSE,1
D008358,APP101358,F006358,C006358,TRUE,FALSE,1
D008359,APP101359,F006359,C006359,TRUE,FALSE,1
D008360,APP101360,F006360,C006360,TRUE,FALSE,1
D008361,APP101361,F006361,C006361,TRUE,FALSE,1
D008362,APP101362,F006362,C006362,TRUE,FALSE,0
D008363,APP101363,F006363,C006363,TRUE,FALSE,1
D008364,APP101364,F006364,C006364,TRUE,FALSE,1
D008365,APP101365,F006365,C006365,FALSE,FALSE,0
D008366,APP101366,F006366,C006366,TRUE,FALSE,1
D008367,APP101367,F006367,C006367,FALSE,FALSE,0
D008368,APP101368,F006368,C006368,TRUE,FALSE,0
D008369,APP101369,F006369,C006369,TRUE,FALSE,0
D008370,APP101370,F006370,C006370,TRUE,FALSE,0
D008371,APP101371,F006371,C006371,FALSE,FALSE,1
D008372,APP101372,F006372,C006372,FALSE,FALSE,1
D008373,APP101373,F006373,C006373,FALSE,FALSE,0
D008374,APP101374,F006374,C006374,FALSE,FALSE,1
D008375,APP101375,F006375,C006375,TRUE,FALSE,0
D008376,APP101376,F006376,C006376,FALSE,FALSE,1
D008377,APP101377,F006377,C006377,TRUE,FALSE,1
D008378,APP101378,F006378,C006378,FALSE,FALSE,1
D008379,APP101379,F006379,C006379,TRUE,FALSE,1
D008380,APP101380,F006380,C006380,FALSE,FALSE,0
D008381,APP101381,F006381,C006381,TRUE,FALSE,1
D008382,APP101382,F006382,C006382,FALSE,FALSE,1
D008383,APP101383,F006383,C006383,TRUE,TRUE,0
D008384,APP101384,F006384,C006384,FALSE,FALSE,1
D008385,APP101385,F006385,C006385,TRUE,FALSE,0
D008386,APP101386,F006386,C006386,FALSE,TRUE,0
D008387,APP101387,F006387,C006387,FALSE,FALSE,1
D008388,APP101388,F006388,C006388,FALSE,FALSE,1
D008389,APP101389,F006389,C006389,FALSE,FALSE,1
D008390,APP101390,F006390,C006390,FALSE,FALSE,1
D008391,APP101391,F006391,C006391,FALSE,FALSE,1
D008392,APP101392,F006392,C006392,FALSE,FALSE,0
D008393,APP101393,F006393,C006393,TRUE,FALSE,0
D008394,APP101394,F006394,C006394,FALSE,FALSE,1
D008395,APP101395,F006395,C006395,FALSE,TRUE,0
D008396,APP101396,F006396,C006396,FALSE,FALSE,0
D008397,APP101397,F006397,C006397,FALSE,FALSE,0
D008398,APP101398,F006398,C006398,FALSE,FALSE,1
D008399,APP101399,F006399,C006399,TRUE,FALSE,0
D008400,APP101400,F006400,C006400,TRUE,FALSE,1
D008401,APP101401,F006401,C006401,FALSE,FALSE,0
D008402,APP101402,F006402,C006402,FALSE,FALSE,0
D008403,APP101403,F006403,C006403,TRUE,FALSE,0
D008404,APP101404,F006404,C006404,TRUE,FALSE,1
D008405,APP101405,F006405,C006405,FALSE,FALSE,0
D008406,APP101406,F006406,C006406,FALSE,FALSE,1
D008407,APP101407,F006407,C006407,FALSE,FALSE,1
D008408,APP101408,F006408,C006408,TRUE,TRUE,0
D008409,APP101409,F006409,C006409,TRUE,FALSE,1
D008410,APP101410,F006410,C006410,FALSE,FALSE,1
D008411,APP101411,F006411,C006411,FALSE,FALSE,0
D008412,APP101412,F006412,C006412,FALSE,FALSE,1
D008413,APP101413,F006413,C006413,FALSE,FALSE,1
D008414,APP101414,F006414,C006414,FALSE,FALSE,0
D008415,APP101415,F006415,C006415,TRUE,FALSE,1
D008416,APP101416,F006416,C006416,TRUE,FALSE,1
D008417,APP101417,F006417,C006417,FALSE,FALSE,0
D008418,APP101418,F006418,C006418,FALSE,FALSE,1
D008419,APP101419,F006419,C006419,TRUE,FALSE,1
D008420,APP101420,F006420,C006420,TRUE,TRUE,0
D008421,APP101421,F006421,C006421,TRUE,FALSE,1
D008422,APP101422,F006422,C006422,TRUE,FALSE,0
D008423,APP101423,F006423,C006423,FALSE,FALSE,0
D008424,APP101424,F006424,C006424,TRUE,FALSE,1
D008425,APP101425,F006425,C006425,FALSE,FALSE,0
D008426,APP101426,F006426,C006426,TRUE,TRUE,0
D008427,APP101427,F006427,C006427,FALSE,FALSE,1
D008428,APP101428,F006428,C006428,FALSE,FALSE,1
D008429,APP101429,F006429,C006429,TRUE,FALSE,1
D008430,APP101430,F006430,C006430,FALSE,FALSE,1
D008431,APP101431,F006431,C006431,TRUE,FALSE,0
D008432,APP101432,F006432,C006432,TRUE,FALSE,1
D008433,APP101433,F006433,C006433,TRUE,FALSE,0
D008434,APP101434,F006434,C006434,FALSE,FALSE,0
D008435,APP101435,F006435,C006435,TRUE,FALSE,0
D008436,APP101436,F006436,C006436,TRUE,FALSE,1
D008437,APP101437,F006437,C006437,FALSE,FALSE,0
D008438,APP101438,F006438,C006438,FALSE,FALSE,0
D008439,APP101439,F006439,C006439,TRUE,FALSE,0
D008440,APP101440,F006440,C006440,FALSE,FALSE,1
D008441,APP101441,F006441,C006441,TRUE,FALSE,0
D008442,APP101442,F006442,C006442,TRUE,FALSE,1
D008443,APP101443,F006443,C006443,FALSE,FALSE,1
D008444,APP101444,F006444,C006444,FALSE,FALSE,0
D008445,APP101445,F006445,C006445,FALSE,FALSE,1
D008446,APP101446,F006446,C006446,FALSE,FALSE,0
D008447,APP101447,F006447,C006447,FALSE,FALSE,1
D008448,APP101448,F006448,C006448,FALSE,FALSE,0
D008449,APP101449,F006449,C006449,TRUE,FALSE,1
D008450,APP101450,F006450,C006450,TRUE,FALSE,1
D008451,APP101451,F006451,C006451,FALSE,FALSE,0
D008452,APP101452,F006452,C006452,FALSE,FALSE,0
D008453,APP101453,F006453,C006453,FALSE,FALSE,1
D008454,APP101454,F006454,C006454,FALSE,FALSE,0
D008455,APP101455,F006455,C006455,TRUE,FALSE,0
D008456,APP101456,F006456,C006456,FALSE,FALSE,0
D008457,APP101457,F006457,C006457,FALSE,FALSE,1
D008458,APP101458,F006458,C006458,FALSE,FALSE,0
D008459,APP101459,F006459,C006459,FALSE,FALSE,1
D008460,APP101460,F006460,C006460,TRUE,FALSE,0
D008461,APP101461,F006461,C006461,TRUE,FALSE,0
D008462,APP101462,F006462,C006462,FALSE,FALSE,0
D008463,APP101463,F006463,C006463,TRUE,FALSE,1
D008464,APP101464,F006464,C006464,FALSE,FALSE,0
D008465,APP101465,F006465,C006465,FALSE,FALSE,1
D008466,APP101466,F006466,C006466,FALSE,FALSE,1
D008467,APP101467,F006467,C006467,TRUE,FALSE,0
D008468,APP101468,F006468,C006468,TRUE,FALSE,0
D008469,APP101469,F006469,C006469,TRUE,FALSE,0
D008470,APP101470,F006470,C006470,FALSE,FALSE,1
D008471,APP101471,F006471,C006471,FALSE,FALSE,1
D008472,APP101472,F006472,C006472,TRUE,FALSE,0
D008473,APP101473,F006473,C006473,FALSE,FALSE,1
D008474,APP101474,F006474,C006474,FALSE,FALSE,1
D008475,APP101475,F006475,C006475,TRUE,FALSE,1
D008476,APP101476,F006476,C006476,FALSE,FALSE,1
D008477,APP101477,F006477,C006477,FALSE,FALSE,1
D008478,APP101478,F006478,C006478,TRUE,FALSE,0
D008479,APP101479,F006479,C006479,FALSE,FALSE,1
D008480,APP101480,F006480,C006480,TRUE,FALSE,0
D008481,APP101481,F006481,C006481,TRUE,FALSE,1
D008482,APP101482,F006482,C006482,FALSE,TRUE,1
D008483,APP101483,F006483,C006483,TRUE,FALSE,0
D008484,APP101484,F006484,C006484,TRUE,FALSE,0
D008485,APP101485,F006485,C006485,FALSE,FALSE,0
D008486,APP101486,F006486,C006486,TRUE,TRUE,0
D008487,APP101487,F006487,C006487,TRUE,FALSE,0
D008488,APP101488,F006488,C006488,FALSE,FALSE,1
D008489,APP101489,F006489,C006489,FALSE,FALSE,1
D008490,APP101490,F006490,C006490,FALSE,FALSE,0
D008491,APP101491,F006491,C006491,FALSE,FALSE,1
D008492,APP101492,F006492,C006492,FALSE,FALSE,1
D008493,APP101493,F006493,C006493,FALSE,FALSE,0
D008494,APP101494,F006494,C006494,FALSE,FALSE,0
D008495,APP101495,F006495,C006495,TRUE,FALSE,0
D008496,APP101496,F006496,C006496,FALSE,FALSE,0
D008497,APP101497,F006497,C006497,TRUE,FALSE,0
D008498,APP101498,F006498,C006498,FALSE,FALSE,0
D008499,APP101499,F006499,C006499,TRUE,FALSE,0
D008500,APP101500,F006500,C006500,TRUE,FALSE,1
