APPLICATION_ID,FORM_ID,ID,APPLIEDONLINE,LOAN_AMOUNT,PROPERTY_CITY,PROPERTY_STATE,PROPERTY_VALUE
APP100001,F005001,200001,YES,3975.0,Beaumont,California,467300.0
APP100002,F005002,200002,YES,7755.0,Long Beach,California,311600.0
APP100003,F005003,200003,NO,7825.0,Newport,California,409600.0
APP100004,F005004,200004,YES,7390.0,Truckee,California,560400.0
APP100005,F005005,200005,NO,8035.0,Dana Point,California,513700.0
APP100006,F005006,200006,NO,8050.0,Orinda,California,530500.0
APP100007,F005007,200007,NO,8130.0,West Hills,California,387300.0
APP100008,F005008,200008,YES,7050.0,Santa Rosa,California,579200.0
APP100009,F005009,200009,NO,7760.0,Vacaville,California,556600.0
APP100010,F005010,200010,YES,8010.0,Studio City,California,558100.0
APP100011,F005011,200011,YES,9050.0,Rancho Cucamonga,California,393400.0
APP100012,F005012,200012,NO,5595.0,Orinda,California,729900.0
APP100013,F005013,200013,NO,7880.0,Tahoe City,California,380800.0
APP100014,F005014,200014,YES,6700.0,Sacramento,California,443700.0
APP100015,F005015,200015,NO,8290.0,San Jose,California,556700.0
APP100016,F005016,200016,YES,5400.0,La Mirada,California,349300.0
APP100017,F005017,200017,YES,7735.0,San Francisco,California,557600.0
APP100018,F005018,200018,NO,14455.0,Concord,California,301100.0
APP100019,F005019,200019,NO,8635.0,Vacaville,California,549300.0
APP100020,F005020,200020,NO,4650.0,Palm Springs,California,547300.0
APP100021,F005021,200021,NO,9540.0,San Francisco,California,637600.0
APP100022,F005022,200022,NO,6335.0,San Jose,California,300300.0
APP100023,F005023,200023,NO,9360.0,Vacaville,California,513100.0
APP100024,F005024,200024,NO,6910.0,Dana Point,California,632800.0
APP100025,F005025,200025,NO,7775.0,Torrance,California,572700.0
APP100026,F005026,200026,NO,6465.0,Hayward,California,577900.0
APP100027,F005027,200027,NO,7640.0,Huntington Beach,California,473200.0
APP100028,F005028,200028,NO,8125.0,Norwalk,California,520300.0
APP100029,F005029,200029,NO,8280.0,Fullerton,California,538600.0
APP100030,F005030,200030,YES,18945.0,Truckee,California,741000.0
APP100031,F005031,200031,NO,7440.0,Newport,California,556600.0
APP100032,F005032,200032,NO,8290.0,San Lorenzo,California,532800.0
APP100033,F005033,200033,NO,8605.0,Fullerton,California,692100.0
APP100034,F005034,200034,YES,7235.0,San Leandro,California,527600.0
APP100035,F005035,200035,YES,10375.0,Rancho Cucamonga,California,428700.0
APP100036,F005036,200036,NO,8865.0,San Francisco,California,587500.0
APP100037,F005037,200037,YES,7870.0,Studio City,California,536000.0
APP100038,F005038,200038,NO,8165.0,Freedom,California,586100.0
APP100039,F005039,200039,YES,8795.0,Santa Maria,California,518300.0
APP100040,F005040,200040,NO,5960.0,San Jose,California,580100.0
APP100041,F005041,200041,YES,8275.0,San Francisco,California,568600.0
APP100042,F005042,200042,NO,8865.0,Encino,California,572700.0
APP100043,F005043,200043,NO,6450.0,San Jose,California,547700.0
APP100044,F005044,200044,NO,8150.0,Healdsburg,California,546700.0
APP100045,F005045,200045,NO,7220.0,San Francisco,California,550300.0
APP100046,F005046,200046,NO,6480.0,San Francisco,California,570900.0
APP100047,F005047,200047,NO,7645.0,San Jose,California,522500.0
APP100048,F005048,200048,YES,7465.0,San Jose,California,543000.0
APP100049,F005049,200049,NO,8820.0,Palm Springs,California,568600.0
APP100050,F005050,200050,YES,7280.0,Rancho Cucamonga,California,592600.0
APP100051,F005051,200051,NO,11040.0,Freedom,California,548700.0
APP100052,F005052,200052,YES,7255.0,Los Angeles,California,585500.0
APP100053,F005053,200053,NO,6455.0,San Lorenzo,California,545900.0
APP100054,F005054,200054,NO,7145.0,Fontana,California,535800.0
APP100055,F005055,200055,YES,8500.0,Stockton,California,422600.0
APP100056,F005056,200056,YES,6780.0,Los Angeles,California,529900.0
APP100057,F005057,200057,YES,9135.0,San Diego,California,543800.0
APP100058,F005058,200058,NO,7545.0,Goleta,California,692500.0
APP100059,F005059,200059,NO,8750.0,Van Nuys,California,555800.0
APP100060,F005060,200060,NO,7775.0,Hayward,California,533400.0
APP100061,F005061,200061,NO,6755.0,Torrance,California,553000.0
APP100062,F005062,200062,NO,6760.0,Aptos,California,601000.0
APP100063,F005063,200063,YES,8000.0,Woodland Hills,California,556600.0
APP100064,F005064,200064,YES,6705.0,San Diego,California,354700.0
APP100065,F005065,200065,YES,7470.0,Chatsworth,California,389000.0
APP100066,F005066,200066,NO,10530.0,Sacramento,California,386900.0
APP100067,F005067,200067,YES,7525.0,Chatsworth,California,541900.0
APP100068,F005068,200068,NO,4405.0,Orinda,California,707700.0
APP100069,F005069,200069,NO,7465.0,Yorba Linda,California,524700.0
APP100070,F005070,200070,NO,7400.0,San Francisco,California,585500.0
APP100071,F005071,200071,NO,7315.0,San Francisco,California,587300.0
APP100072,F005072,200072,NO,8505.0,Fontana,California,526700.0
APP100073,F005073,200073,NO,6355.0,Fullerton,California,526900.0
APP100074,F005074,200074,NO,10370.0,Alhambra,California,309800.0
APP100075,F005075,200075,NO,8400.0,San Francisco,California,585700.0
APP100076,F005076,200076,NO,7770.0,South Lake Tahoe,California,525900.0
APP100077,F005077,200077,NO,7030.0,Encino,California,546100.0
APP100078,F005078,200078,NO,8700.0,West Hills,California,408900.0
APP100079,F005079,200079,YES,7445.0,Rancho Cucamonga,California,536100.0
APP100080,F005080,200080,YES,8525.0,Newport Beach,California,542900.0
APP100081,F005081,200081,NO,6970.0,Fontana,California,548700.0
APP100082,F005082,200082,NO,8560.0,Alhambra,California,318000.0
APP100083,F005083,200083,NO,8230.0,Tahoe City,California,354500.0
APP100084,F005084,200084,YES,8075.0,Sacramento,California,449900.0
APP100085,F005085,200085,YES,10095.0,Los Angeles,California,659600.0
APP100086,F005086,200086,NO,6945.0,West Hills,California,542400.0
APP100087,F005087,200087,NO,4045.0,Orinda,California,706200.0
APP100088,F005088,200088,NO,11860.0,Sacramento,California,352600.0
APP100089,F005089,200089,YES,7510.0,Carson,California,551800.0
APP100090,F005090,200090,YES,7165.0,San Jose,California,522500.0
APP100091,F005091,200091,NO,8555.0,Hayward,California,591800.0
APP100092,F005092,200092,YES,10565.0,Carson,California,341800.0
APP100093,F005093,200093,NO,8705.0,Alhambra,California,585600.0
APP100094,F005094,200094,NO,8780.0,San Jose,California,564600.0
APP100095,F005095,200095,YES,7275.0,Los Angeles,California,536400.0
APP100096,F005096,200096,NO,6125.0,Orinda,California,730000.0
APP100097,F005097,200097,YES,7370.0,Clovis,California,690300.0
APP100098,F005098,200098,YES,8325.0,Clovis,California,487900.0
APP100099,F005099,200099,NO,11200.0,Fontana,California,303600.0
APP100100,F005100,200100,YES,8705.0,Los Angeles,California,711000.0
APP100101,F005101,200101,NO,7375.0,Aptos,California,531500.0
APP100102,F005102,200102,NO,10480.0,San Lorenzo,California,340700.0
APP100103,F005103,200103,YES,8220.0,Long Beach,California,287900.0
APP100104,F005104,200104,YES,9670.0,San Francisco,California,752200.0
APP100105,F005105,200105,NO,8130.0,Aptos,California,542800.0
APP100106,F005106,200106,YES,10465.0,Rancho Cucamonga,California,416400.0
APP100107,F005107,200107,NO,7125.0,Newport,California,368700.0
APP100108,F005108,200108,NO,6585.0,Palm Springs,California,561300.0
APP100109,F005109,200109,YES,8275.0,San Francisco,California,737700.0
APP100110,F005110,200110,YES,8695.0,Clovis,California,539500.0
APP100111,F005111,200111,YES,8170.0,Los Angeles,California,525400.0
APP100112,F005112,200112,YES,7595.0,Chino Hills,California,587800.0
APP100113,F005113,200113,NO,8115.0,San Francisco,California,522300.0
APP100114,F005114,200114,NO,7010.0,Newport,California,501300.0
APP100115,F005115,200115,YES,8765.0,San Jose,California,565100.0
APP100116,F005116,200116,NO,7460.0,San Jose,California,556000.0
APP100117,F005117,200117,NO,9175.0,Hayward,California,647900.0
APP100118,F005118,200118,YES,8035.0,Chino Hills,California,553700.0
APP100119,F005119,200119,NO,8785.0,West Hills,California,425700.0
APP100120,F005120,200120,NO,7675.0,Vacaville,California,544800.0
APP100121,F005121,200121,NO,7755.0,Belmont,California,562200.0
APP100122,F005122,200122,NO,8245.0,Van Nuys,California,534700.0
APP100123,F005123,200123,NO,500.0,Tustin,California,582200.0
APP100124,F005124,200124,NO,5900.0,San Jose,California,310700.0
APP100125,F005125,200125,NO,2770.0,Hesperia,California,695000.0
APP100126,F005126,200126,NO,5870.0,Modesto,California,318200.0
APP100127,F005127,200127,YES,8275.0,Santa Rosa,California,596500.0
APP100128,F005128,200128,YES,9110.0,San Leandro,California,537800.0
APP100129,F005129,200129,YES,7240.0,Rancho Cucamonga,California,557700.0
APP100130,F005130,200130,NO,8635.0,San Francisco,California,552400.0
APP100131,F005131,200131,NO,9075.0,Anderson,California,373200.0
APP100132,F005132,200132,NO,8265.0,Concord,California,542900.0
APP100133,F005133,200133,NO,8145.0,Anaheim,California,551800.0
APP100134,F005134,200134,NO,5810.0,Modesto,California,364400.0
APP100135,F005135,200135,NO,13230.0,Concord,California,335500.0
APP100136,F005136,200136,YES,7560.0,San Diego,California,357900.0
APP100137,F005137,200137,NO,4595.0,Palm Springs,California,537400.0
APP100138,F005138,200138,YES,7420.0,San Jose,California,420000.0
APP100139,F005139,200139,NO,6810.0,Tustin,California,533400.0
APP100140,F005140,200140,NO,7750.0,Yorba Linda,California,545200.0
APP100141,F005141,200141,YES,7170.0,Clovis,California,528400.0
APP100142,F005142,200142,NO,8550.0,Costa Mesa,California,769400.0
APP100143,F005143,200143,NO,10075.0,Sacramento,California,424800.0
APP100144,F005144,200144,NO,6470.0,Huntington Beach,California,570700.0
APP100145,F005145,200145,NO,7745.0,Alhambra,California,532000.0
APP100146,F005146,200146,YES,7780.0,San Francisco,California,726200.0
APP100147,F005147,200147,YES,28000.0,Whittier,California,689800.0
APP100148,F005148,200148,NO,8060.0,Freedom,California,523000.0
APP100149,F005149,200149,NO,7380.0,San Jose,California,580000.0
APP100150,F005150,200150,NO,14580.0,Concord,California,339300.0
APP100151,F005151,200151,NO,7195.0,Fullerton,California,514100.0
APP100152,F005152,200152,NO,7425.0,Belmont,California,549200.0
APP100153,F005153,200153,YES,7255.0,Carson,California,558800.0
APP100154,F005154,200154,YES,7050.0,Sacramento,California,578300.0
APP100155,F005155,200155,NO,11970.0,Healdsburg,California,826100.0
APP100156,F005156,200156,NO,9805.0,Petaluma,California,653800.0
APP100157,F005157,200157,YES,7790.0,Los Angeles,California,577500.0
APP100158,F005158,200158,YES,6725.0,Carson,California,561000.0
APP100159,F005159,200159,NO,8055.0,Yorba Linda,California,558700.0
APP100160,F005160,200160,NO,8605.0,Tahoe City,California,348300.0
APP100161,F005161,200161,NO,8185.0,Hayward,California,523000.0
APP100162,F005162,200162,YES,7965.0,Los Angeles,California,549700.0
APP100163,F005163,200163,NO,8545.0,Fullerton,California,684500.0
APP100164,F005164,200164,YES,8775.0,Studio City,California,560600.0
APP100165,F005165,200165,YES,7815.0,San Diego,California,326200.0
APP100166,F005166,200166,NO,8070.0,Aptos,California,556700.0
APP100167,F005167,200167,NO,8430.0,Healdsburg,California,548800.0
APP100168,F005168,200168,NO,10945.0,San Lorenzo,California,316000.0
APP100169,F005169,200169,YES,7215.0,San Jose,California,543700.0
APP100170,F005170,200170,YES,8460.0,San Francisco,California,746300.0
APP100171,F005171,200171,NO,8675.0,Fullerton,California,609200.0
APP100172,F005172,200172,NO,7605.0,Hesperia,California,537200.0
APP100173,F005173,200173,YES,10700.0,Lakewood,California,649800.0
APP100174,F005174,200174,NO,7055.0,San Francisco,California,545200.0
APP100175,F005175,200175,YES,11115.0,Lakewood,California,654000.0
APP100176,F005176,200176,YES,5815.0,La Mirada,California,342600.0
APP100177,F005177,200177,NO,7835.0,Huntington Beach,California,536800.0
APP100178,F005178,200178,NO,11195.0,Healdsburg,California,795000.0
APP100179,F005179,200179,NO,7915.0,Tustin,California,527800.0
APP100180,F005180,200180,NO,7970.0,Petaluma,California,553800.0
APP100181,F005181,200181,YES,7930.0,San Diego,California,324300.0
APP100182,F005182,200182,YES,7155.0,San Leandro,California,572200.0
APP100183,F005183,200183,NO,10650.0,San Francisco,California,644900.0
APP100184,F005184,200184,YES,7760.0,San Leandro,California,334300.0
APP100185,F005185,200185,NO,10790.0,San Jose,California,449800.0
APP100186,F005186,200186,YES,9575.0,Rancho Cucamonga,California,410100.0
APP100187,F005187,200187,NO,7210.0,Hesperia,California,552500.0
APP100188,F005188,200188,NO,8220.0,Freedom,California,552800.0
APP100189,F005189,200189,YES,7695.0,San Leandro,California,313900.0
APP100190,F005190,200190,YES,9770.0,San Francisco,California,735200.0
APP100191,F005191,200191,NO,8065.0,Anaheim,California,601500.0
APP100192,F005192,200192,NO,10415.0,Freedom,California,560600.0
APP100193,F005193,200193,YES,6635.0,San Leandro,California,539500.0
APP100194,F005194,200194,NO,7540.0,Vacaville,California,523600.0
APP100195,F005195,200195,NO,11105.0,Norwalk,California,382700.0
APP100196,F005196,200196,YES,6325.0,Carson,California,562100.0
APP100197,F005197,200197,YES,6995.0,Carson,California,547100.0
APP100198,F005198,200198,NO,2815.0,Hesperia,California,693300.0
APP100199,F005199,200199,NO,6915.0,Modesto,California,489300.0
APP100200,F005200,200200,NO,8535.0,Aptos,California,555600.0
APP100201,F005201,200201,NO,9565.0,Torrance,California,345800.0
APP100202,F005202,200202,NO,8345.0,Belmont,California,776900.0
APP100203,F005203,200203,YES,7675.0,Studio City,California,556500.0
APP100204,F005204,200204,YES,8705.0,San Leandro,California,524400.0
APP100205,F005205,200205,NO,6205.0,Huntington Beach,California,472200.0
APP100206,F005206,200206,YES,7325.0,Los Angeles,California,616300.0
APP100207,F005207,200207,NO,8760.0,Huntington Beach,California,480300.0
APP100208,F005208,200208,YES,7240.0,San Jose,California,464500.0
APP100209,F005209,200209,NO,7475.0,Newport,California,570100.0
APP100210,F005210,200210,YES,7490.0,Los Angeles,California,531300.0
APP100211,F005211,200211,YES,10560.0,Carson,California,372500.0
APP100212,F005212,200212,NO,2570.0,Hesperia,California,702000.0
APP100213,F005213,200213,YES,7385.0,San Francisco,California,545700.0
APP100214,F005214,200214,YES,7585.0,San Jose,California,537800.0
APP100215,F005215,200215,NO,7560.0,Aptos,California,557000.0
APP100216,F005216,200216,NO,6735.0,Vacaville,California,539600.0
APP100217,F005217,200217,NO,7405.0,Goleta,California,565600.0
APP100218,F005218,200218,NO,10245.0,Hayward,California,675800.0
APP100219,F005219,200219,NO,6000.0,San Jose,California,314800.0
APP100220,F005220,200220,YES,8675.0,Santa Rosa,California,593800.0
APP100221,F005221,200221,NO,7695.0,Roseville,California,546400.0
APP100222,F005222,200222,NO,4250.0,Orinda,California,754600.0
APP100223,F005223,200223,YES,7685.0,Beaumont,California,577800.0
APP100224,F005224,200224,NO,7360.0,Orinda,California,540800.0
APP100225,F005225,200225,YES,7645.0,Studio City,California,504700.0
APP100226,F005226,200226,YES,8230.0,Rancho Cucamonga,California,530600.0
APP100227,F005227,200227,NO,7245.0,North Hills,California,639900.0
APP100228,F005228,200228,NO,7625.0,Dana Point,California,655700.0
APP100229,F005229,200229,NO,7360.0,Huntington Beach,California,569000.0
APP100230,F005230,200230,YES,6915.0,Carson,California,555000.0
APP100231,F005231,200231,YES,8150.0,Whittier,California,542700.0
APP100232,F005232,200232,YES,8515.0,Truckee,California,520400.0
APP100233,F005233,200233,NO,6590.0,North Hills,California,662500.0
APP100234,F005234,200234,YES,7515.0,Santa Maria,California,543000.0
APP100235,F005235,200235,NO,7375.0,Fontana,California,540000.0
APP100236,F005236,200236,NO,6820.0,North Hills,California,575100.0
APP100237,F005237,200237,NO,10145.0,San Francisco,California,359600.0
APP100238,F005238,200238,NO,7870.0,Encino,California,582400.0
APP100239,F005239,200239,YES,7305.0,La Mirada,California,584900.0
APP100240,F005240,200240,YES,7580.0,Chino Hills,California,526200.0
APP100241,F005241,200241,NO,8795.0,Petaluma,California,623300.0
APP100242,F005242,200242,YES,8720.0,Chatsworth,California,543400.0
APP100243,F005243,200243,YES,6135.0,Chino Hills,California,713700.0
APP100244,F005244,200244,YES,7195.0,Studio City,California,521900.0
APP100245,F005245,200245,NO,10155.0,Roseville,California,553200.0
APP100246,F005246,200246,NO,8370.0,Anaheim,California,536200.0
APP100247,F005247,200247,YES,6980.0,Stockton,California,432500.0
APP100248,F005248,200248,YES,7645.0,Carson,California,600900.0
APP100249,F005249,200249,YES,8675.0,Stockton,California,545200.0
APP100250,F005250,200250,NO,9435.0,Alhambra,California,302100.0
APP100251,F005251,200251,YES,8760.0,Chino Hills,California,511500.0
APP100252,F005252,200252,NO,8450.0,Healdsburg,California,526200.0
APP100253,F005253,200253,YES,7980.0,Rancho Cucamonga,California,520800.0
APP100254,F005254,200254,NO,6745.0,Van Nuys,California,527800.0
APP100255,F005255,200255,NO,7800.0,San Francisco,California,583200.0
APP100256,F005256,200256,YES,8060.0,Santa Rosa,California,519900.0
APP100257,F005257,200257,NO,8400.0,Fontana,California,535400.0
APP100258,F005258,200258,NO,9150.0,Petaluma,California,533400.0
APP100259,F005259,200259,YES,7965.0,San Leandro,California,545200.0
APP100260,F005260,200260,NO,8440.0,Concord,California,559500.0
APP100261,F005261,200261,YES,8115.0,Santa Maria,California,547300.0
APP100262,F005262,200262,NO,10570.0,San Lorenzo,California,365200.0
APP100263,F005263,200263,NO,11215.0,Freedom,California,522000.0
APP100264,F005264,200264,NO,5720.0,Modesto,California,343100.0
APP100265,F005265,200265,NO,7570.0,Tahoe City,California,552100.0
APP100266,F005266,200266,NO,11300.0,Sacramento,California,404700.0
APP100267,F005267,200267,YES,8255.0,Woodland Hills,California,524500.0
APP100268,F005268,200268,YES,11665.0,Carson,California,361600.0
APP100269,F005269,200269,YES,7345.0,Rancho Cucamonga,California,554400.0
APP100270,F005270,200270,NO,7835.0,Newport,California,380900.0
APP100271,F005271,200271,NO,7415.0,Aptos,California,577400.0
APP100272,F005272,200272,NO,10255.0,Alhambra,California,295200.0
APP100273,F005273,200273,NO,8000.0,Anderson,California,549600.0
APP100274,F005274,200274,NO,7310.0,Tahoe City,California,368000.0
APP100275,F005275,200275,YES,7955.0,Whittier,California,494000.0
APP100276,F005276,200276,NO,8985.0,Alhambra,California,287100.0
APP100277,F005277,200277,YES,6960.0,Santa Maria,California,581000.0
APP100278,F005278,200278,NO,7610.0,South Lake Tahoe,California,546400.0
APP100279,F005279,200279,NO,6965.0,Encino,California,504100.0
APP100280,F005280,200280,NO,7905.0,Newport,California,550000.0
APP100281,F005281,200281,NO,6145.0,West Hills,California,575800.0
APP100282,F005282,200282,NO,7265.0,Costa Mesa,California,550100.0
APP100283,F005283,200283,NO,8515.0,West Hills,California,405700.0
APP100284,F005284,200284,NO,9715.0,Fullerton,California,721400.0
APP100285,F005285,200285,NO,2685.0,Hesperia,California,746000.0
APP100286,F005286,200286,NO,6735.0,San Jose,California,299100.0
APP100287,F005287,200287,YES,7305.0,San Jose,California,447300.0
APP100288,F005288,200288,NO,7955.0,San Francisco,California,643300.0
APP100289,F005289,200289,YES,7975.0,Santa Maria,California,534100.0
APP100290,F005290,200290,NO,7170.0,San Francisco,California,545100.0
APP100291,F005291,200291,NO,7850.0,Aptos,California,575000.0
APP100292,F005292,200292,NO,12900.0,Burbank,California,734800.0
APP100293,F005293,200293,NO,7665.0,Palm Springs,California,578800.0
APP100294,F005294,200294,NO,9930.0,Anderson,California,366200.0
APP100295,F005295,200295,NO,11115.0,San Francisco,California,359200.0
APP100296,F005296,200296,NO,7230.0,Huntington Beach,California,555300.0
APP100297,F005297,200297,NO,8210.0,Tustin,California,506000.0
APP100298,F005298,200298,YES,7465.0,Los Angeles,California,541100.0
APP100299,F005299,200299,NO,9300.0,Torrance,California,368300.0
APP100300,F005300,200300,YES,6965.0,Sacramento,California,446400.0
APP100301,F005301,200301,YES,7840.0,Los Angeles,California,545800.0
APP100302,F005302,200302,YES,6355.0,Sacramento,California,585800.0
APP100303,F005303,200303,YES,8425.0,San Francisco,California,802000.0
APP100304,F005304,200304,YES,6855.0,San Jose,California,407300.0
APP100305,F005305,200305,NO,2505.0,Hesperia,California,756100.0
APP100306,F005306,200306,NO,8105.0,Orinda,California,528900.0
APP100307,F005307,200307,NO,7810.0,Goleta,California,724300.0
APP100308,F005308,200308,NO,6385.0,Dana Point,California,649900.0
APP100309,F005309,200309,NO,7615.0,Alhambra,California,553800.0
APP100310,F005310,200310,NO,8095.0,Modesto,California,546000.0
APP100311,F005311,200311,NO,8275.0,Van Nuys,California,547400.0
APP100312,F005312,200312,NO,7425.0,Norwalk,California,530000.0
APP100313,F005313,200313,YES,7820.0,San Leandro,California,514300.0
APP100314,F005314,200314,YES,6340.0,Carson,California,582700.0
APP100315,F005315,200315,NO,8410.0,Belmont,California,704400.0
APP100316,F005316,200316,YES,8485.0,La Mirada,California,523800.0
APP100317,F005317,200317,YES,7210.0,Clovis,California,710000.0
APP100318,F005318,200318,NO,7075.0,West Hills,California,507000.0
APP100319,F005319,200319,YES,6920.0,San Jose,California,526100.0
APP100320,F005320,200320,NO,6210.0,North Hills,California,638900.0
APP100321,F005321,200321,YES,7825.0,Sacramento,California,501200.0
APP100322,F005322,200322,NO,7360.0,Van Nuys,California,484800.0
APP100323,F005323,200323,NO,9625.0,Freedom,California,516700.0
APP100324,F005324,200324,NO,7545.0,West Hills,California,409900.0
APP100325,F005325,200325,NO,6180.0,Van Nuys,California,501500.0
APP100326,F005326,200326,NO,8775.0,Goleta,California,539700.0
APP100327,F005327,200327,NO,9760.0,Petaluma,California,612500.0
APP100328,F005328,200328,NO,6765.0,West Hills,California,385600.0
APP100329,F005329,200329,NO,8080.0,Goleta,California,536200.0
APP100330,F005330,200330,YES,8940.0,Newport Beach,California,563000.0
APP100331,F005331,200331,NO,8340.0,Anaheim,California,542800.0
APP100332,F005332,200332,NO,7410.0,San Jose,California,551700.0
APP100333,F005333,200333,YES,26230.0,Whittier,California,677700.0
APP100334,F005334,200334,YES,7590.0,Lakewood,California,542200.0
APP100335,F005335,200335,YES,8475.0,Whittier,California,559500.0
APP100336,F005336,200336,YES,6920.0,Sacramento,California,536900.0
APP100337,F005337,200337,YES,8350.0,Santa Maria,California,566500.0
APP100338,F005338,200338,NO,6285.0,Orinda,California,772700.0
APP100339,F005339,200339,NO,7880.0,Aptos,California,528800.0
APP100340,F005340,200340,YES,7085.0,La Mirada,California,576700.0
APP100341,F005341,200341,NO,7750.0,West Hills,California,520600.0
APP100342,F005342,200342,NO,5515.0,Palm Springs,California,516900.0
APP100343,F005343,200343,NO,7540.0,Fullerton,California,529300.0
APP100344,F005344,200344,YES,7600.0,Long Beach,California,288400.0
APP100345,F005345,200345,YES,6280.0,Chatsworth,California,595300.0
APP100346,F005346,200346,YES,7770.0,Newport Beach,California,523700.0
APP100347,F005347,200347,YES,6930.0,Newport Beach,California,580800.0
APP100348,F005348,200348,YES,6890.0,San Francisco,California,576600.0
APP100349,F005349,200349,NO,10840.0,Roseville,California,537500.0
APP100350,F005350,200350,NO,7635.0,Aptos,California,546600.0
APP100351,F005351,200351,YES,12205.0,Carson,California,331300.0
APP100352,F005352,200352,NO,10095.0,Costa Mesa,California,792100.0
APP100353,F005353,200353,YES,9055.0,San Jose,California,553500.0
APP100354,F005354,200354,YES,7320.0,San Leandro,California,599200.0
APP100355,F005355,200355,YES,7530.0,Clovis,California,560000.0
APP100356,F005356,200356,NO,7210.0,Petaluma,California,544600.0
APP100357,F005357,200357,NO,7985.0,Aptos,California,542100.0
APP100358,F005358,200358,YES,7035.0,Rancho Cucamonga,California,563000.0
APP100359,F005359,200359,YES,6680.0,Clovis,California,525100.0
APP100360,F005360,200360,NO,8315.0,Anderson,California,512800.0
APP100361,F005361,200361,NO,6750.0,Huntington Beach,California,471800.0
APP100362,F005362,200362,YES,8115.0,Carson,California,551300.0
APP100363,F005363,200363,YES,11300.0,Lakewood,California,616500.0
APP100364,F005364,200364,NO,6995.0,Orinda,California,528400.0
APP100365,F005365,200365,YES,7145.0,San Diego,California,336300.0
APP100366,F005366,200366,YES,7565.0,San Diego,California,364500.0
APP100367,F005367,200367,NO,5950.0,Huntington Beach,California,454400.0
APP100368,F005368,200368,NO,7225.0,Torrance,California,545800.0
APP100369,F005369,200369,YES,12825.0,Santa Maria,California,798500.0
APP100370,F005370,200370,YES,8210.0,Beaumont,California,504900.0
APP100371,F005371,200371,YES,8740.0,Santa Rosa,California,644200.0
APP100372,F005372,200372,NO,7540.0,Anaheim,California,550000.0
APP100373,F005373,200373,YES,8455.0,Studio City,California,575700.0
APP100374,F005374,200374,YES,6895.0,Chatsworth,California,377600.0
APP100375,F005375,200375,YES,7110.0,Chino Hills,California,581500.0
APP100376,F005376,200376,NO,8165.0,Orinda,California,550500.0
APP100377,F005377,200377,NO,14365.0,Concord,California,320400.0
APP100378,F005378,200378,YES,12910.0,Woodland Hills,California,615900.0
APP100379,F005379,200379,NO,7505.0,Anaheim,California,701500.0
APP100380,F005380,200380,YES,8050.0,Clovis,California,549800.0
APP100381,F005381,200381,YES,8065.0,Santa Maria,California,538000.0
APP100382,F005382,200382,NO,4835.0,Orinda,California,694700.0
APP100383,F005383,200383,YES,10035.0,Lakewood,California,688200.0
APP100384,F005384,200384,NO,8160.0,Anderson,California,591500.0
APP100385,F005385,200385,YES,4325.0,Beaumont,California,488700.0
APP100386,F005386,200386,YES,7370.0,Long Beach,California,565300.0
APP100387,F005387,200387,NO,7710.0,Roseville,California,537300.0
APP100388,F005388,200388,NO,8065.0,Anaheim,California,598000.0
APP100389,F005389,200389,YES,7885.0,San Leandro,California,511200.0
APP100390,F005390,200390,NO,6880.0,Fontana,California,548600.0
APP100391,F005391,200391,YES,8885.0,San Jose,California,523000.0
APP100392,F005392,200392,YES,7395.0,San Jose,California,416900.0
APP100393,F005393,200393,NO,8135.0,Huntington Beach,California,526500.0
APP100394,F005394,200394,YES,8180.0,La Mirada,California,574000.0
APP100395,F005395,200395,YES,8960.0,San Francisco,California,495300.0
APP100396,F005396,200396,YES,9355.0,Stockton,California,458400.0
APP100397,F005397,200397,YES,12105.0,Woodland Hills,California,578100.0
APP100398,F005398,200398,NO,6175.0,Tustin,California,570200.0
APP100399,F005399,200399,NO,6645.0,Orinda,California,552500.0
APP100400,F005400,200400,YES,8720.0,San Leandro,California,557400.0
APP100401,F005401,200401,NO,7370.0,Hesperia,California,510700.0
APP100402,F005402,200402,YES,7170.0,Long Beach,California,560200.0
APP100403,F005403,200403,NO,8155.0,Huntington Beach,California,519900.0
APP100404,F005404,200404,YES,7130.0,Whittier,California,562300.0
APP100405,F005405,200405,NO,7500.0,Huntington Beach,California,519200.0
APP100406,F005406,200406,NO,7640.0,Torrance,California,545500.0
APP100407,F005407,200407,YES,6460.0,San Leandro,California,552900.0
APP100408,F005408,200408,NO,8780.0,Orinda,California,573200.0
APP100409,F005409,200409,NO,8865.0,Vacaville,California,536300.0
APP100410,F005410,200410,NO,8190.0,Anaheim,California,706000.0
APP100411,F005411,200411,YES,7770.0,Clovis,California,680600.0
APP100412,F005412,200412,YES,9090.0,San Jose,California,538100.0
APP100413,F005413,200413,YES,8185.0,Long Beach,California,307500.0
APP100414,F005414,200414,NO,6605.0,West Hills,California,517800.0
APP100415,F005415,200415,NO,7250.0,Dana Point,California,645800.0
APP100416,F005416,200416,NO,8300.0,San Francisco,California,588700.0
APP100417,F005417,200417,NO,8555.0,Fullerton,California,530100.0
APP100418,F005418,200418,NO,8835.0,Alhambra,California,303100.0
APP100419,F005419,200419,NO,7840.0,West Hills,California,407700.0
APP100420,F005420,200420,NO,7205.0,Newport,California,367100.0
APP100421,F005421,200421,YES,7985.0,Clovis,California,678800.0
APP100422,F005422,200422,YES,7670.0,San Leandro,California,522500.0
APP100423,F005423,200423,YES,8135.0,Newport Beach,California,531700.0
APP100424,F005424,200424,NO,7460.0,Alhambra,California,580000.0
APP100425,F005425,200425,NO,7770.0,Yorba Linda,California,534300.0
APP100426,F005426,200426,NO,7885.0,Aptos,California,535900.0
APP100427,F005427,200427,NO,7470.0,Concord,California,554400.0
APP100428,F005428,200428,YES,7760.0,Sacramento,California,428600.0
APP100429,F005429,200429,YES,9300.0,Woodland Hills,California,513800.0
APP100430,F005430,200430,NO,6505.0,Healdsburg,California,549800.0
APP100431,F005431,200431,NO,8205.0,Vacaville,California,548300.0
APP100432,F005432,200432,NO,12395.0,Sacramento,California,401500.0
APP100433,F005433,200433,NO,7540.0,Aptos,California,545100.0
APP100434,F005434,200434,NO,9480.0,Encino,California,542900.0
APP100435,F005435,200435,YES,5830.0,La Mirada,California,349200.0
APP100436,F005436,200436,NO,2845.0,Hesperia,California,744900.0
APP100437,F005437,200437,NO,8450.0,Anaheim,California,511500.0
APP100438,F005438,200438,NO,8175.0,Encino,California,591400.0
APP100439,F005439,200439,NO,9005.0,Alhambra,California,313200.0
APP100440,F005440,200440,NO,7315.0,Orinda,California,568500.0
APP100441,F005441,200441,NO,7845.0,Tustin,California,546500.0
APP100442,F005442,200442,YES,8725.0,Long Beach,California,542700.0
APP100443,F005443,200443,NO,7295.0,Tustin,California,534700.0
APP100444,F005444,200444,NO,8755.0,Concord,California,547200.0
APP100445,F005445,200445,NO,7280.0,Anderson,California,533400.0
APP100446,F005446,200446,NO,8065.0,Encino,California,515600.0
APP100447,F005447,200447,YES,8035.0,Santa Maria,California,520500.0
APP100448,F005448,200448,YES,6760.0,Santa Maria,California,545600.0
APP100449,F005449,200449,YES,7575.0,San Leandro,California,332300.0
APP100450,F005450,200450,NO,7150.0,San Jose,California,576900.0
APP100451,F005451,200451,NO,9745.0,Freedom,California,481200.0
APP100452,F005452,200452,YES,8385.0,Los Angeles,California,524600.0
APP100453,F005453,200453,YES,5775.0,Sacramento,California,453600.0
APP100454,F005454,200454,YES,7110.0,Sacramento,California,432300.0
APP100455,F005455,200455,NO,8450.0,Goleta,California,522400.0
APP100456,F005456,200456,YES,11225.0,Carson,California,341900.0
APP100457,F005457,200457,NO,9140.0,Petaluma,California,548100.0
APP100458,F005458,200458,YES,8090.0,Lakewood,California,528700.0
APP100459,F005459,200459,NO,9560.0,Huntington Beach,California,475400.0
APP100460,F005460,200460,NO,7000.0,Dana Point,California,583400.0
APP100461,F005461,200461,NO,9525.0,Anderson,California,357500.0
APP100462,F005462,200462,YES,7485.0,San Leandro,California,525900.0
APP100463,F005463,200463,YES,6715.0,Chino Hills,California,513400.0
APP100464,F005464,200464,YES,6160.0,La Mirada,California,349400.0
APP100465,F005465,200465,NO,7315.0,Goleta,California,706000.0
APP100466,F005466,200466,NO,6725.0,Dana Point,California,678500.0
APP100467,F005467,200467,YES,8765.0,Chino Hills,California,707200.0
APP100468,F005468,200468,NO,9825.0,Fontana,California,311100.0
APP100469,F005469,200469,NO,8970.0,Tahoe City,California,366800.0
APP100470,F005470,200470,NO,6520.0,Anaheim,California,689400.0
APP100471,F005471,200471,YES,8055.0,Chatsworth,California,568500.0
APP100472,F005472,200472,YES,7810.0,Los Angeles,California,541500.0
APP100473,F005473,200473,YES,7490.0,Lakewood,California,496100.0
APP100474,F005474,200474,NO,7605.0,Anaheim,California,526700.0
APP100475,F005475,200475,YES,8055.0,Woodland Hills,California,556600.0
APP100476,F005476,200476,NO,6685.0,Dana Point,California,694800.0
APP100477,F005477,200477,YES,4605.0,Beaumont,California,428000.0
APP100478,F005478,200478,YES,6830.0,Sacramento,California,548200.0
APP100479,F005479,200479,YES,7200.0,Santa Maria,California,521200.0
APP100480,F005480,200480,NO,7260.0,North Hills,California,527800.0
APP100481,F005481,200481,NO,4795.0,Palm Springs,California,570000.0
APP100482,F005482,200482,YES,11840.0,Carson,California,360200.0
APP100483,F005483,200483,YES,7830.0,Lakewood,California,569800.0
APP100484,F005484,200484,YES,7040.0,San Leandro,California,543600.0
APP100485,F005485,200485,YES,7210.0,Whittier,California,563500.0
APP100486,F005486,200486,NO,7710.0,Orinda,California,541000.0
APP100487,F005487,200487,NO,8660.0,Belmont,California,819400.0
APP100488,F005488,200488,NO,6820.0,Anaheim,California,550800.0
APP100489,F005489,200489,NO,7500.0,Fontana,California,524900.0
APP100490,F005490,200490,NO,6945.0,Palm Springs,California,544800.0
APP100491,F005491,200491,NO,500.0,Tustin,California,651100.0
APP100492,F005492,200492,NO,10000.0,San Francisco,California,364500.0
APP100493,F005493,200493,YES,8995.0,Los Angeles,California,713700.0
APP100494,F005494,200494,NO,8355.0,Encino,California,530500.0
APP100495,F005495,200495,YES,8400.0,San Jose,California,539200.0
APP100496,F005496,200496,YES,7305.0,Truckee,California,533200.0
APP100497,F005497,200497,NO,8345.0,West Hills,California,400300.0
APP100498,F005498,200498,YES,7610.0,Clovis,California,668100.0
APP100499,F005499,200499,NO,10335.0,Fontana,California,294400.0
APP100500,F005500,200500,NO,10850.0,Fontana,California,310700.0
APP100501,F005501,200501,NO,8300.0,Fullerton,California,727100.0
APP100502,F005502,200502,NO,6110.0,San Jose,California,574700.0
APP100503,F005503,200503,YES,7630.0,Clovis,California,617400.0
APP100504,F005504,200504,NO,7355.0,Aptos,California,569500.0
APP100505,F005505,200505,YES,7850.0,Truckee,California,512000.0
APP100506,F005506,200506,NO,2840.0,Hesperia,California,702100.0
APP100507,F005507,200507,NO,8825.0,San Jose,California,320100.0
APP100508,F005508,200508,YES,8610.0,Stockton,California,536700.0
APP100509,F005509,200509,NO,6505.0,Petaluma,California,539500.0
APP100510,F005510,200510,NO,7325.0,Tustin,California,531800.0
APP100511,F005511,200511,YES,9345.0,San Francisco,California,760500.0
APP100512,F005512,200512,NO,8070.0,Alhambra,California,547500.0
APP100513,F005513,200513,NO,7170.0,Huntington Beach,California,554000.0
APP100514,F005514,200514,YES,6820.0,Chatsworth,California,540200.0
APP100515,F005515,200515,YES,8675.0,Newport Beach,California,550900.0
APP100516,F005516,200516,YES,6820.0,San Leandro,California,324000.0
APP100517,F005517,200517,NO,10915.0,Sacramento,California,387600.0
APP100518,F005518,200518,NO,9835.0,San Francisco,California,615900.0
APP100519,F005519,200519,YES,7230.0,Santa Maria,California,558500.0
APP100520,F005520,200520,YES,6635.0,Studio City,California,554600.0
APP100521,F005521,200521,NO,11175.0,Roseville,California,549500.0
APP100522,F005522,200522,NO,10585.0,San Jose,California,476000.0
APP100523,F005523,200523,YES,28000.0,Whittier,California,640800.0
APP100524,F005524,200524,YES,7870.0,Long Beach,California,301500.0
APP100525,F005525,200525,NO,7510.0,Vacaville,California,550600.0
APP100526,F005526,200526,NO,7395.0,San Jose,California,552900.0
APP100527,F005527,200527,YES,8505.0,Beaumont,California,525300.0
APP100528,F005528,200528,NO,9435.0,San Jose,California,485700.0
APP100529,F005529,200529,NO,7910.0,Hayward,California,570900.0
APP100530,F005530,200530,NO,7795.0,West Hills,California,535500.0
APP100531,F005531,200531,NO,8745.0,Huntington Beach,California,515600.0
APP100532,F005532,200532,NO,5870.0,Modesto,California,344800.0
APP100533,F005533,200533,NO,8060.0,Orinda,California,511300.0
APP100534,F005534,200534,NO,8310.0,Roseville,California,558200.0
APP100535,F005535,200535,NO,7715.0,Modesto,California,564800.0
APP100536,F005536,200536,YES,5785.0,La Mirada,California,360700.0
APP100537,F005537,200537,YES,7605.0,Los Angeles,California,532100.0
APP100538,F005538,200538,NO,8990.0,Belmont,California,793400.0
APP100539,F005539,200539,YES,12785.0,Carson,California,344100.0
APP100540,F005540,200540,NO,8405.0,San Jose,California,554300.0
APP100541,F005541,200541,YES,8270.0,Chatsworth,California,543000.0
APP100542,F005542,200542,YES,9380.0,Long Beach,California,521800.0
APP100543,F005543,200543,YES,8135.0,Sacramento,California,539800.0
APP100544,F005544,200544,NO,8475.0,Tahoe City,California,365800.0
APP100545,F005545,200545,NO,10475.0,San Jose,California,460900.0
APP100546,F005546,200546,NO,6205.0,Huntington Beach,California,484200.0
APP100547,F005547,200547,YES,6880.0,Sacramento,California,514100.0
APP100548,F005548,200548,NO,8035.0,Norwalk,California,564000.0
APP100549,F005549,200549,NO,7165.0,Anaheim,California,560000.0
APP100550,F005550,200550,YES,6735.0,Clovis,California,532700.0
APP100551,F005551,200551,NO,8270.0,Fullerton,California,555600.0
APP100552,F005552,200552,NO,7135.0,Norwalk,California,595900.0
APP100553,F005553,200553,NO,7145.0,Anderson,California,559400.0
APP100554,F005554,200554,YES,6915.0,Sacramento,California,567800.0
APP100555,F005555,200555,NO,9395.0,Hayward,California,656300.0
APP100556,F005556,200556,YES,6580.0,San Leandro,California,327000.0
APP100557,F005557,200557,NO,9195.0,Yorba Linda,California,538400.0
APP100558,F005558,200558,NO,7545.0,San Francisco,California,562900.0
APP100559,F005559,200559,YES,7590.0,Woodland Hills,California,559600.0
APP100560,F005560,200560,NO,7810.0,West Hills,California,570400.0
APP100561,F005561,200561,NO,8655.0,West Hills,California,392900.0
APP100562,F005562,200562,NO,7700.0,Orinda,California,536800.0
APP100563,F005563,200563,YES,11720.0,Rancho Cucamonga,California,419500.0
APP100564,F005564,200564,NO,7330.0,South Lake Tahoe,California,568800.0
APP100565,F005565,200565,NO,9770.0,Alhambra,California,309500.0
APP100566,F005566,200566,YES,7175.0,San Diego,California,354500.0
APP100567,F005567,200567,YES,8800.0,Stockton,California,429300.0
APP100568,F005568,200568,YES,5600.0,Newport Beach,California,608100.0
APP100569,F005569,200569,NO,6170.0,Dana Point,California,552900.0
APP100570,F005570,200570,NO,7900.0,Hayward,California,657500.0
APP100571,F005571,200571,NO,8080.0,Belmont,California,765200.0
APP100572,F005572,200572,NO,7790.0,Concord,California,557200.0
APP100573,F005573,200573,YES,8180.0,Chatsworth,California,502100.0
APP100574,F005574,200574,NO,7775.0,Hesperia,California,508300.0
APP100575,F005575,200575,NO,8625.0,Sacramento,California,546600.0
APP100576,F005576,200576,YES,7800.0,Santa Maria,California,504200.0
APP100577,F005577,200577,YES,9785.0,San Francisco,California,728000.0
APP100578,F005578,200578,NO,11105.0,Roseville,California,538700.0
APP100579,F005579,200579,NO,15095.0,Concord,California,298700.0
APP100580,F005580,200580,NO,9315.0,Sacramento,California,568300.0
APP100581,F005581,200581,NO,9550.0,San Jose,California,469700.0
APP100582,F005582,200582,YES,7500.0,San Jose,California,551900.0
APP100583,F005583,200583,NO,9950.0,Hayward,California,609600.0
APP100584,F005584,200584,NO,6960.0,San Jose,California,573400.0
APP100585,F005585,200585,NO,7955.0,Modesto,California,533100.0
APP100586,F005586,200586,YES,7635.0,San Francisco,California,510600.0
APP100587,F005587,200587,YES,7490.0,San Leandro,California,565300.0
APP100588,F005588,200588,NO,8895.0,Torrance,California,324200.0
APP100589,F005589,200589,YES,5770.0,La Mirada,California,366900.0
APP100590,F005590,200590,NO,8720.0,San Lorenzo,California,376100.0
APP100591,F005591,200591,YES,7495.0,Newport Beach,California,543900.0
APP100592,F005592,200592,NO,7945.0,Concord,California,520100.0
APP100593,F005593,200593,YES,8125.0,Lakewood,California,562200.0
APP100594,F005594,200594,NO,4460.0,Orinda,California,721800.0
APP100595,F005595,200595,NO,7330.0,West Hills,California,583400.0
APP100596,F005596,200596,YES,7790.0,Lakewood,California,542800.0
APP100597,F005597,200597,NO,7395.0,Yorba Linda,California,533100.0
APP100598,F005598,200598,NO,11290.0,Norwalk,California,411700.0
APP100599,F005599,200599,YES,8555.0,Rancho Cucamonga,California,549100.0
APP100600,F005600,200600,YES,7205.0,San Leandro,California,360000.0
APP100601,F005601,200601,NO,8120.0,San Francisco,California,572300.0
APP100602,F005602,200602,NO,8125.0,San Jose,California,519900.0
APP100603,F005603,200603,YES,8705.0,Chatsworth,California,540700.0
APP100604,F005604,200604,NO,8385.0,San Francisco,California,685200.0
APP100605,F005605,200605,NO,7965.0,Aptos,California,514600.0
APP100606,F005606,200606,YES,8660.0,Woodland Hills,California,552100.0
APP100607,F005607,200607,NO,7790.0,Hesperia,California,556500.0
APP100608,F005608,200608,YES,6355.0,Chatsworth,California,606100.0
APP100609,F005609,200609,NO,9240.0,Vacaville,California,505400.0
APP100610,F005610,200610,NO,7785.0,Sacramento,California,527500.0
APP100611,F005611,200611,YES,7470.0,Chino Hills,California,550000.0
APP100612,F005612,200612,YES,6200.0,Chino Hills,California,556000.0
APP100613,F005613,200613,NO,10525.0,Healdsburg,California,755300.0
APP100614,F005614,200614,NO,8145.0,Alhambra,California,554900.0
APP100615,F005615,200615,YES,7600.0,Lakewood,California,499300.0
APP100616,F005616,200616,NO,8275.0,Petaluma,California,591700.0
APP100617,F005617,200617,YES,8130.0,San Jose,California,554000.0
APP100618,F005618,200618,NO,6775.0,Goleta,California,708500.0
APP100619,F005619,200619,NO,8500.0,San Francisco,California,562100.0
APP100620,F005620,200620,NO,9150.0,Fullerton,California,697200.0
APP100621,F005621,200621,YES,7410.0,Long Beach,California,534800.0
APP100622,F005622,200622,NO,8060.0,Concord,California,534100.0
APP100623,F005623,200623,NO,12700.0,Burbank,California,731700.0
APP100624,F005624,200624,NO,8015.0,South Lake Tahoe,California,777800.0
APP100625,F005625,200625,YES,6825.0,Los Angeles,California,560600.0
APP100626,F005626,200626,NO,6715.0,Petaluma,California,545700.0
APP100627,F005627,200627,NO,7560.0,Modesto,California,514400.0
APP100628,F005628,200628,YES,7860.0,Chatsworth,California,391000.0
APP100629,F005629,200629,NO,6775.0,Healdsburg,California,533700.0
APP100630,F005630,200630,NO,10370.0,Sacramento,California,390500.0
APP100631,F005631,200631,NO,8525.0,Huntington Beach,California,523800.0
APP100632,F005632,200632,YES,7700.0,Sacramento,California,561900.0
APP100633,F005633,200633,YES,8365.0,Los Angeles,California,558700.0
APP100634,F005634,200634,NO,9680.0,Roseville,California,533800.0
APP100635,F005635,200635,NO,6945.0,Yorba Linda,California,525500.0
APP100636,F005636,200636,NO,10480.0,Costa Mesa,California,732400.0
APP100637,F005637,200637,NO,5770.0,San Jose,California,326600.0
APP100638,F005638,200638,NO,10805.0,Sacramento,California,391300.0
APP100639,F005639,200639,NO,7095.0,Hayward,California,555900.0
APP100640,F005640,200640,NO,9405.0,Freedom,California,504000.0
APP100641,F005641,200641,NO,7690.0,Burbank,California,528200.0
APP100642,F005642,200642,NO,8025.0,Roseville,California,516700.0
APP100643,F005643,200643,NO,4230.0,Orinda,California,736700.0
APP100644,F005644,200644,NO,4465.0,Orinda,California,712300.0
APP100645,F005645,200645,NO,7445.0,Sacramento,California,504700.0
APP100646,F005646,200646,NO,8235.0,Tahoe City,California,380200.0
APP100647,F005647,200647,YES,12630.0,Woodland Hills,California,607000.0
APP100648,F005648,200648,YES,9215.0,Los Angeles,California,547400.0
APP100649,F005649,200649,NO,8285.0,Anaheim,California,565900.0
APP100650,F005650,200650,NO,7690.0,West Hills,California,547100.0
APP100651,F005651,200651,YES,6455.0,San Diego,California,327700.0
APP100652,F005652,200652,NO,7490.0,Tahoe City,California,527100.0
APP100653,F005653,200653,NO,8650.0,Belmont,California,814200.0
APP100654,F005654,200654,NO,7510.0,San Francisco,California,556500.0
APP100655,F005655,200655,NO,8840.0,Fontana,California,516000.0
APP100656,F005656,200656,NO,7035.0,Hayward,California,510700.0
APP100657,F005657,200657,NO,8315.0,Anaheim,California,535700.0
APP100658,F005658,200658,NO,8705.0,Fullerton,California,711000.0
APP100659,F005659,200659,YES,7770.0,Studio City,California,505600.0
APP100660,F005660,200660,NO,7820.0,North Hills,California,704000.0
APP100661,F005661,200661,NO,7645.0,Modesto,California,538700.0
APP100662,F005662,200662,NO,8360.0,Anaheim,California,523000.0
APP100663,F005663,200663,YES,26035.0,Whittier,California,673700.0
APP100664,F005664,200664,YES,9910.0,Carson,California,347800.0
APP100665,F005665,200665,NO,9490.0,Encino,California,615100.0
APP100666,F005666,200666,NO,7940.0,Burbank,California,561400.0
APP100667,F005667,200667,NO,7515.0,Tahoe City,California,569700.0
APP100668,F005668,200668,YES,6440.0,Woodland Hills,California,491900.0
APP100669,F005669,200669,NO,8085.0,Tustin,California,572800.0
APP100670,F005670,200670,NO,7840.0,Encino,California,542100.0
APP100671,F005671,200671,YES,7035.0,Long Beach,California,328900.0
APP100672,F005672,200672,NO,8395.0,Van Nuys,California,581100.0
APP100673,F005673,200673,YES,6470.0,Long Beach,California,591500.0
APP100674,F005674,200674,NO,6965.0,Petaluma,California,507700.0
APP100675,F005675,200675,NO,9305.0,Fontana,California,285300.0
APP100676,F005676,200676,NO,8820.0,Petaluma,California,664000.0
APP100677,F005677,200677,NO,8120.0,Vacaville,California,540600.0
APP100678,F005678,200678,YES,7010.0,San Leandro,California,560400.0
APP100679,F005679,200679,YES,7040.0,San Diego,California,345900.0
APP100680,F005680,200680,YES,8035.0,Clovis,California,544200.0
APP100681,F005681,200681,NO,7770.0,San Francisco,California,553800.0
APP100682,F005682,200682,NO,12030.0,Sacramento,California,372100.0
APP100683,F005683,200683,YES,11120.0,Rancho Cucamonga,California,411200.0
APP100684,F005684,200684,NO,7670.0,Anderson,California,547400.0
APP100685,F005685,200685,NO,8035.0,San Francisco,California,535500.0
APP100686,F005686,200686,NO,7585.0,San Jose,California,592800.0
APP100687,F005687,200687,YES,8375.0,Santa Rosa,California,649300.0
APP100688,F005688,200688,NO,7310.0,Alhambra,California,570200.0
APP100689,F005689,200689,NO,6030.0,San Jose,California,310300.0
APP100690,F005690,200690,NO,8430.0,Alhambra,California,277500.0
APP100691,F005691,200691,YES,7070.0,Sacramento,California,561700.0
APP100692,F005692,200692,YES,6955.0,Santa Maria,California,576300.0
APP100693,F005693,200693,NO,8060.0,Vacaville,California,571000.0
APP100694,F005694,200694,YES,8055.0,Rancho Cucamonga,California,569000.0
APP100695,F005695,200695,YES,7480.0,Chino Hills,California,590600.0
APP100696,F005696,200696,YES,7875.0,San Jose,California,514600.0
APP100697,F005697,200697,YES,7320.0,Rancho Cucamonga,California,540700.0
APP100698,F005698,200698,YES,11520.0,Santa Maria,California,788000.0
APP100699,F005699,200699,NO,10195.0,Costa Mesa,California,739400.0
APP100700,F005700,200700,NO,10545.0,Healdsburg,California,726500.0
APP100701,F005701,200701,YES,7635.0,San Leandro,California,536100.0
APP100702,F005702,200702,NO,10310.0,Costa Mesa,California,760600.0
APP100703,F005703,200703,NO,8380.0,Huntington Beach,California,479800.0
APP100704,F005704,200704,YES,7695.0,San Francisco,California,520300.0
APP100705,F005705,200705,NO,9195.0,San Jose,California,502200.0
APP100706,F005706,200706,NO,7770.0,Goleta,California,571700.0
APP100707,F005707,200707,YES,7065.0,San Francisco,California,518100.0
APP100708,F005708,200708,YES,8025.0,Newport Beach,California,559200.0
APP100709,F005709,200709,YES,16755.0,Truckee,California,665100.0
APP100710,F005710,200710,NO,10140.0,Torrance,California,341300.0
APP100711,F005711,200711,NO,7400.0,Modesto,California,527800.0
APP100712,F005712,200712,YES,4520.0,Beaumont,California,464000.0
APP100713,F005713,200713,NO,9900.0,San Francisco,California,315100.0
APP100714,F005714,200714,YES,8155.0,Chino Hills,California,532700.0
APP100715,F005715,200715,NO,5880.0,Orinda,California,747600.0
APP100716,F005716,200716,NO,8440.0,Aptos,California,598900.0
APP100717,F005717,200717,YES,9370.0,Whittier,California,532200.0
APP100718,F005718,200718,YES,8600.0,Chino Hills,California,556600.0
APP100719,F005719,200719,YES,4250.0,Beaumont,California,476100.0
APP100720,F005720,200720,YES,9245.0,Studio City,California,554200.0
APP100721,F005721,200721,NO,8675.0,Anaheim,California,547600.0
APP100722,F005722,200722,NO,8655.0,Van Nuys,California,604200.0
APP100723,F005723,200723,YES,8575.0,Lakewood,California,544500.0
APP100724,F005724,200724,NO,10175.0,San Francisco,California,347300.0
APP100725,F005725,200725,NO,9000.0,San Francisco,California,563400.0
APP100726,F005726,200726,NO,9515.0,San Lorenzo,California,345400.0
APP100727,F005727,200727,NO,7730.0,West Hills,California,529900.0
APP100728,F005728,200728,YES,7925.0,San Leandro,California,560800.0
APP100729,F005729,200729,NO,8075.0,Freedom,California,612200.0
APP100730,F005730,200730,NO,4395.0,Palm Springs,California,522200.0
APP100731,F005731,200731,YES,7280.0,San Leandro,California,542500.0
APP100732,F005732,200732,NO,7285.0,Van Nuys,California,481800.0
APP100733,F005733,200733,NO,7530.0,San Jose,California,569800.0
APP100734,F005734,200734,NO,8490.0,Roseville,California,571500.0
APP100735,F005735,200735,YES,10095.0,Santa Rosa,California,582900.0
APP100736,F005736,200736,YES,6245.0,Newport Beach,California,635600.0
APP100737,F005737,200737,NO,7610.0,Newport,California,359100.0
APP100738,F005738,200738,YES,21720.0,Whittier,California,622400.0
APP100739,F005739,200739,YES,7485.0,Carson,California,566800.0
APP100740,F005740,200740,NO,8270.0,Fullerton,California,543900.0
APP100741,F005741,200741,NO,5270.0,Palm Springs,California,468800.0
APP100742,F005742,200742,NO,7800.0,North Hills,California,521400.0
APP100743,F005743,200743,YES,7110.0,Lakewood,California,523600.0
APP100744,F005744,200744,NO,7230.0,Vacaville,California,514900.0
APP100745,F005745,200745,YES,8595.0,San Jose,California,543300.0
APP100746,F005746,200746,YES,10110.0,Carson,California,356800.0
APP100747,F005747,200747,NO,7620.0,Costa Mesa,California,528600.0
APP100748,F005748,200748,YES,7865.0,San Francisco,California,721800.0
APP100749,F005749,200749,YES,7165.0,Sacramento,California,548800.0
APP100750,F005750,200750,NO,8645.0,Encino,California,602000.0
APP100751,F005751,200751,YES,8245.0,Truckee,California,581500.0
APP100752,F005752,200752,YES,7445.0,Chino Hills,California,527600.0
APP100753,F005753,200753,NO,7520.0,North Hills,California,672300.0
APP100754,F005754,200754,NO,8590.0,Fullerton,California,682900.0
APP100755,F005755,200755,NO,9765.0,Alhambra,California,293300.0
APP100756,F005756,200756,YES,9320.0,Stockton,California,550700.0
APP100757,F005757,200757,NO,7800.0,Aptos,California,544100.0
APP100758,F005758,200758,YES,16910.0,Truckee,California,675500.0
APP100759,F005759,200759,NO,8975.0,Fullerton,California,704700.0
APP100760,F005760,200760,YES,8985.0,San Francisco,California,770700.0
APP100761,F005761,200761,NO,7185.0,San Francisco,California,569200.0
APP100762,F005762,200762,YES,8575.0,Rancho Cucamonga,California,528800.0
APP100763,F005763,200763,NO,7745.0,Huntington Beach,California,481800.0
APP100764,F005764,200764,YES,7430.0,Carson,California,548700.0
APP100765,F005765,200765,NO,9225.0,Costa Mesa,California,709500.0
APP100766,F005766,200766,YES,8290.0,Los Angeles,California,575000.0
APP100767,F005767,200767,NO,6885.0,Huntington Beach,California,557000.0
APP100768,F005768,200768,YES,11345.0,Rancho Cucamonga,California,404000.0
APP100769,F005769,200769,NO,8510.0,Fullerton,California,697200.0
APP100770,F005770,200770,NO,6755.0,Dana Point,California,679100.0
APP100771,F005771,200771,YES,6930.0,Carson,California,545900.0
APP100772,F005772,200772,YES,8770.0,San Jose,California,510000.0
APP100773,F005773,200773,YES,6830.0,Chino Hills,California,733900.0
APP100774,F005774,200774,NO,7150.0,Goleta,California,523400.0
APP100775,F005775,200775,NO,8535.0,Vacaville,California,543800.0
APP100776,F005776,200776,YES,6995.0,La Mirada,California,565800.0
APP100777,F005777,200777,NO,11025.0,Roseville,California,517900.0
APP100778,F005778,200778,YES,7325.0,San Francisco,California,551800.0
APP100779,F005779,200779,NO,6955.0,North Hills,California,660600.0
APP100780,F005780,200780,YES,8105.0,Sacramento,California,546700.0
APP100781,F005781,200781,YES,8495.0,Santa Rosa,California,550700.0
APP100782,F005782,200782,NO,8335.0,Burbank,California,584500.0
APP100783,F005783,200783,YES,7420.0,Santa Maria,California,534400.0
APP100784,F005784,200784,YES,6710.0,Carson,California,615800.0
APP100785,F005785,200785,YES,7725.0,San Diego,California,542000.0
APP100786,F005786,200786,YES,7635.0,Rancho Cucamonga,California,566100.0
APP100787,F005787,200787,YES,8550.0,San Diego,California,569700.0
APP100788,F005788,200788,NO,8705.0,Belmont,California,788400.0
APP100789,F005789,200789,NO,7995.0,Huntington Beach,California,513700.0
APP100790,F005790,200790,YES,7380.0,San Jose,California,532500.0
APP100791,F005791,200791,NO,7890.0,Anaheim,California,741700.0
APP100792,F005792,200792,NO,7965.0,Vacaville,California,556400.0
APP100793,F005793,200793,NO,6840.0,South Lake Tahoe,California,520000.0
APP100794,F005794,200794,NO,8010.0,Petaluma,California,573100.0
APP100795,F005795,200795,NO,7385.0,Burbank,California,548300.0
APP100796,F005796,200796,YES,6885.0,Sacramento,California,428500.0
APP100797,F005797,200797,NO,7535.0,Anderson,California,542200.0
APP100798,F005798,200798,NO,7885.0,San Francisco,California,671800.0
APP100799,F005799,200799,NO,6905.0,Fullerton,California,544600.0
APP100800,F005800,200800,NO,6970.0,West Hills,California,545600.0
APP100801,F005801,200801,YES,6690.0,Sacramento,California,551200.0
APP100802,F005802,200802,NO,6930.0,San Lorenzo,California,587900.0
APP100803,F005803,200803,YES,7825.0,Santa Maria,California,574200.0
APP100804,F005804,200804,YES,7020.0,San Diego,California,318500.0
APP100805,F005805,200805,NO,7785.0,South Lake Tahoe,California,812700.0
APP100806,F005806,200806,YES,7485.0,Santa Maria,California,564100.0
APP100807,F005807,200807,YES,7540.0,San Jose,California,410300.0
APP100808,F005808,200808,NO,555.0,Tustin,California,639000.0
APP100809,F005809,200809,YES,6355.0,Studio City,California,579000.0
APP100810,F005810,200810,NO,9340.0,Encino,California,595500.0
APP100811,F005811,200811,YES,8640.0,Beaumont,California,581200.0
APP100812,F005812,200812,NO,7490.0,Vacaville,California,535000.0
APP100813,F005813,200813,YES,8030.0,San Diego,California,336000.0
APP100814,F005814,200814,YES,8275.0,Woodland Hills,California,571300.0
APP100815,F005815,200815,YES,8055.0,Santa Maria,California,569200.0
APP100816,F005816,200816,NO,7985.0,Encino,California,609400.0
APP100817,F005817,200817,NO,6800.0,San Jose,California,631400.0
APP100818,F005818,200818,NO,7675.0,Anderson,California,572100.0
APP100819,F005819,200819,NO,7380.0,West Hills,California,404300.0
APP100820,F005820,200820,YES,7845.0,Santa Maria,California,545400.0
APP100821,F005821,200821,NO,6910.0,Aptos,California,521500.0
APP100822,F005822,200822,NO,12715.0,Burbank,California,741500.0
APP100823,F005823,200823,NO,7390.0,Orinda,California,541300.0
APP100824,F005824,200824,NO,7755.0,San Jose,California,582400.0
APP100825,F005825,200825,YES,7725.0,Los Angeles,California,515300.0
APP100826,F005826,200826,NO,9905.0,San Jose,California,342300.0
APP100827,F005827,200827,NO,7440.0,Anaheim,California,628000.0
APP100828,F005828,200828,NO,9175.0,Alhambra,California,303300.0
APP100829,F005829,200829,YES,7525.0,San Francisco,California,561900.0
APP100830,F005830,200830,YES,8465.0,Santa Maria,California,583900.0
APP100831,F005831,200831,NO,11355.0,Norwalk,California,384000.0
APP100832,F005832,200832,YES,6745.0,Sacramento,California,423100.0
APP100833,F005833,200833,YES,8740.0,Lakewood,California,561600.0
APP100834,F005834,200834,NO,6890.0,Concord,California,579600.0
APP100835,F005835,200835,YES,27230.0,Whittier,California,671600.0
APP100836,F005836,200836,NO,9825.0,San Francisco,California,598100.0
APP100837,F005837,200837,NO,8515.0,Freedom,California,534100.0
APP100838,F005838,200838,YES,9085.0,Los Angeles,California,546400.0
APP100839,F005839,200839,NO,8900.0,Concord,California,574400.0
APP100840,F005840,200840,NO,7795.0,Roseville,California,501500.0
APP100841,F005841,200841,NO,10300.0,San Francisco,California,618100.0
APP100842,F005842,200842,YES,9345.0,Truckee,California,505400.0
APP100843,F005843,200843,NO,8105.0,Newport,California,399700.0
APP100844,F005844,200844,YES,6120.0,Stockton,California,508900.0
APP100845,F005845,200845,NO,8330.0,Anaheim,California,689800.0
APP100846,F005846,200846,YES,7305.0,Long Beach,California,555400.0
APP100847,F005847,200847,NO,7620.0,Anderson,California,597100.0
APP100848,F005848,200848,YES,8120.0,Chino Hills,California,712100.0
APP100849,F005849,200849,NO,7695.0,Sacramento,California,538400.0
APP100850,F005850,200850,NO,6700.0,San Francisco,California,569500.0
APP100851,F005851,200851,NO,7940.0,Sacramento,California,540400.0
APP100852,F005852,200852,YES,9070.0,Newport Beach,California,537000.0
APP100853,F005853,200853,YES,8795.0,Los Angeles,California,690200.0
APP100854,F005854,200854,YES,7570.0,La Mirada,California,539100.0
APP100855,F005855,200855,YES,7070.0,Los Angeles,California,654600.0
APP100856,F005856,200856,NO,14390.0,Concord,California,301800.0
APP100857,F005857,200857,NO,10290.0,Costa Mesa,California,830800.0
APP100858,F005858,200858,NO,8185.0,Hesperia,California,572400.0
APP100859,F005859,200859,NO,9915.0,San Francisco,California,622200.0
APP100860,F005860,200860,NO,9610.0,Vacaville,California,506200.0
APP100861,F005861,200861,YES,6930.0,Los Angeles,California,549800.0
APP100862,F005862,200862,NO,8675.0,San Jose,California,538300.0
APP100863,F005863,200863,NO,10190.0,Anderson,California,378200.0
APP100864,F005864,200864,NO,11000.0,Healdsburg,California,744200.0
APP100865,F005865,200865,YES,7080.0,Chino Hills,California,534200.0
APP100866,F005866,200866,NO,7525.0,Anaheim,California,683100.0
APP100867,F005867,200867,YES,17820.0,Truckee,California,683600.0
APP100868,F005868,200868,NO,8205.0,Encino,California,524700.0
APP100869,F005869,200869,YES,7820.0,San Diego,California,568300.0
APP100870,F005870,200870,NO,7675.0,Belmont,California,539800.0
APP100871,F005871,200871,NO,6715.0,Newport,California,394800.0
APP100872,F005872,200872,YES,6610.0,Sacramento,California,559100.0
APP100873,F005873,200873,YES,7665.0,Truckee,California,560000.0
APP100874,F005874,200874,NO,8515.0,Hayward,California,569500.0
APP100875,F005875,200875,NO,6785.0,Tustin,California,524600.0
APP100876,F005876,200876,NO,15570.0,Concord,California,316700.0
APP100877,F005877,200877,NO,7360.0,Dana Point,California,563000.0
APP100878,F005878,200878,NO,8645.0,Concord,California,509700.0
APP100879,F005879,200879,NO,9780.0,Torrance,California,328700.0
APP100880,F005880,200880,NO,7170.0,Hesperia,California,550300.0
APP100881,F005881,200881,NO,9955.0,San Francisco,California,626600.0
APP100882,F005882,200882,YES,7860.0,Los Angeles,California,624900.0
APP100883,F005883,200883,NO,6785.0,West Hills,California,540500.0
APP100884,F005884,200884,YES,6775.0,Chatsworth,California,384900.0
APP100885,F005885,200885,YES,9160.0,Sacramento,California,505500.0
APP100886,F005886,200886,YES,8270.0,San Leandro,California,558100.0
APP100887,F005887,200887,YES,6935.0,Chino Hills,California,526000.0
APP100888,F005888,200888,NO,7525.0,South Lake Tahoe,California,789100.0
APP100889,F005889,200889,NO,6895.0,Petaluma,California,531200.0
APP100890,F005890,200890,NO,6995.0,Orinda,California,514100.0
APP100891,F005891,200891,NO,9795.0,San Lorenzo,California,352800.0
APP100892,F005892,200892,YES,8355.0,San Jose,California,521600.0
APP100893,F005893,200893,NO,9075.0,Alhambra,California,528700.0
APP100894,F005894,200894,YES,9255.0,Woodland Hills,California,542400.0
APP100895,F005895,200895,NO,8290.0,Fullerton,California,676000.0
APP100896,F005896,200896,NO,8645.0,Norwalk,California,571900.0
APP100897,F005897,200897,NO,8300.0,Fullerton,California,545900.0
APP100898,F005898,200898,YES,7840.0,Chatsworth,California,350700.0
APP100899,F005899,200899,NO,7600.0,Hayward,California,566700.0
APP100900,F005900,200900,YES,8180.0,San Leandro,California,495300.0
APP100901,F005901,200901,YES,8260.0,Los Angeles,California,646600.0
APP100902,F005902,200902,NO,8495.0,Orinda,California,533100.0
APP100903,F005903,200903,NO,10805.0,Freedom,California,520900.0
APP100904,F005904,200904,YES,6850.0,Studio City,California,547600.0
APP100905,F005905,200905,YES,9590.0,Los Angeles,California,553100.0
APP100906,F005906,200906,NO,7560.0,San Jose,California,568100.0
APP100907,F005907,200907,NO,4825.0,Orinda,California,692400.0
APP100908,F005908,200908,YES,7225.0,Los Angeles,California,650700.0
APP100909,F005909,200909,YES,7160.0,Santa Maria,California,518100.0
APP100910,F005910,200910,NO,11465.0,Costa Mesa,California,768900.0
APP100911,F005911,200911,NO,9150.0,Petaluma,California,642400.0
APP100912,F005912,200912,YES,7450.0,San Leandro,California,552000.0
APP100913,F005913,200913,NO,8135.0,Tahoe City,California,358300.0
APP100914,F005914,200914,NO,7255.0,Modesto,California,584000.0
APP100915,F005915,200915,NO,6050.0,Aptos,California,539000.0
APP100916,F005916,200916,NO,7220.0,Orinda,California,532500.0
APP100917,F005917,200917,NO,7640.0,Fontana,California,609300.0
APP100918,F005918,200918,NO,9105.0,San Francisco,California,344100.0
APP100919,F005919,200919,YES,8920.0,San Leandro,California,556400.0
APP100920,F005920,200920,NO,10515.0,Yorba Linda,California,522800.0
APP100921,F005921,200921,YES,24705.0,Whittier,California,680700.0
APP100922,F005922,200922,NO,7745.0,West Hills,California,532400.0
APP100923,F005923,200923,NO,7325.0,Dana Point,California,646500.0
APP100924,F005924,200924,NO,14540.0,Burbank,California,728400.0
APP100925,F005925,200925,NO,1190.0,Tustin,California,635500.0
APP100926,F005926,200926,NO,9515.0,Fullerton,California,718600.0
APP100927,F005927,200927,NO,9155.0,San Francisco,California,622700.0
APP100928,F005928,200928,YES,9750.0,Los Angeles,California,725900.0
APP100929,F005929,200929,NO,9750.0,San Jose,California,510400.0
APP100930,F005930,200930,NO,5995.0,Orinda,California,747400.0
APP100931,F005931,200931,YES,10045.0,Lakewood,California,663300.0
APP100932,F005932,200932,NO,7280.0,Orinda,California,550000.0
APP100933,F005933,200933,YES,7635.0,San Francisco,California,763400.0
APP100934,F005934,200934,NO,8260.0,San Francisco,California,531600.0
APP100935,F005935,200935,NO,3520.0,Hesperia,California,731000.0
APP100936,F005936,200936,NO,12075.0,San Jose,California,482700.0
APP100937,F005937,200937,YES,10040.0,Santa Maria,California,806800.0
APP100938,F005938,200938,NO,8955.0,Torrance,California,338500.0
APP100939,F005939,200939,NO,10845.0,Norwalk,California,395300.0
APP100940,F005940,200940,YES,7225.0,Beaumont,California,561600.0
APP100941,F005941,200941,NO,9400.0,San Francisco,California,621700.0
APP100942,F005942,200942,NO,8465.0,Dana Point,California,539900.0
APP100943,F005943,200943,YES,9810.0,Los Angeles,California,754300.0
APP100944,F005944,200944,YES,7440.0,San Diego,California,328500.0
APP100945,F005945,200945,NO,7405.0,San Francisco,California,562400.0
APP100946,F005946,200946,YES,7585.0,Truckee,California,523300.0
APP100947,F005947,200947,YES,7385.0,Los Angeles,California,542200.0
APP100948,F005948,200948,NO,7645.0,Anaheim,California,530500.0
APP100949,F005949,200949,NO,6865.0,Modesto,California,533700.0
APP100950,F005950,200950,NO,7855.0,Orinda,California,582200.0
APP100951,F005951,200951,YES,8255.0,Chino Hills,California,576800.0
APP100952,F005952,200952,YES,7390.0,San Jose,California,443500.0
APP100953,F005953,200953,YES,8125.0,Los Angeles,California,552300.0
APP100954,F005954,200954,YES,7085.0,Beaumont,California,542100.0
APP100955,F005955,200955,YES,7320.0,Truckee,California,513200.0
APP100956,F005956,200956,NO,9295.0,Petaluma,California,631100.0
APP100957,F005957,200957,NO,10800.0,Norwalk,California,380200.0
APP100958,F005958,200958,YES,8580.0,Sacramento,California,536200.0
APP100959,F005959,200959,YES,7190.0,Los Angeles,California,579700.0
APP100960,F005960,200960,YES,24185.0,Whittier,California,615000.0
APP100961,F005961,200961,NO,7485.0,Hayward,California,586000.0
APP100962,F005962,200962,NO,7690.0,Newport,California,559600.0
APP100963,F005963,200963,NO,7420.0,San Francisco,California,538600.0
APP100964,F005964,200964,NO,8290.0,Modesto,California,547700.0
APP100965,F005965,200965,YES,8580.0,Santa Maria,California,554100.0
APP100966,F005966,200966,YES,8255.0,Woodland Hills,California,576100.0
APP100967,F005967,200967,YES,8615.0,Los Angeles,California,514500.0
APP100968,F005968,200968,NO,7775.0,Encino,California,546000.0
APP100969,F005969,200969,YES,6680.0,San Leandro,California,583800.0
APP100970,F005970,200970,NO,7845.0,Goleta,California,683500.0
APP100971,F005971,200971,NO,8425.0,Burbank,California,528300.0
APP100972,F005972,200972,NO,7360.0,Tahoe City,California,565900.0
APP100973,F005973,200973,YES,7995.0,Lakewood,California,523300.0
APP100974,F005974,200974,YES,7340.0,Woodland Hills,California,559400.0
APP100975,F005975,200975,NO,9330.0,Petaluma,California,606200.0
APP100976,F005976,200976,NO,8445.0,Fontana,California,540000.0
APP100977,F005977,200977,YES,7585.0,San Francisco,California,539500.0
APP100978,F005978,200978,NO,7570.0,Modesto,California,565100.0
APP100979,F005979,200979,YES,8005.0,Santa Rosa,California,633400.0
APP100980,F005980,200980,NO,4655.0,Orinda,California,674300.0
APP100981,F005981,200981,YES,9165.0,Truckee,California,559800.0
APP100982,F005982,200982,YES,8265.0,Chatsworth,California,557000.0
APP100983,F005983,200983,NO,8770.0,Orinda,California,543100.0
APP100984,F005984,200984,NO,6270.0,San Francisco,California,568600.0
APP100985,F005985,200985,NO,2935.0,Hesperia,California,751200.0
APP100986,F005986,200986,NO,8020.0,Vacaville,California,539300.0
APP100987,F005987,200987,NO,6170.0,Huntington Beach,California,475900.0
APP100988,F005988,200988,YES,8365.0,Santa Rosa,California,620000.0
APP100989,F005989,200989,NO,6830.0,Huntington Beach,California,546400.0
APP100990,F005990,200990,YES,7445.0,Chatsworth,California,545800.0
APP100991,F005991,200991,NO,8955.0,Yorba Linda,California,552700.0
APP100992,F005992,200992,YES,9340.0,Stockton,California,445800.0
APP100993,F005993,200993,NO,7115.0,Van Nuys,California,478400.0
APP100994,F005994,200994,YES,7700.0,Santa Rosa,California,567900.0
APP100995,F005995,200995,NO,6770.0,South Lake Tahoe,California,536000.0
APP100996,F005996,200996,NO,6935.0,San Francisco,California,523300.0
APP100997,F005997,200997,NO,7765.0,Aptos,California,553800.0
APP100998,F005998,200998,NO,8040.0,Aptos,California,522300.0
APP100999,F005999,200999,YES,3800.0,Beaumont,California,485700.0
APP101000,F006000,201000,NO,6770.0,Hesperia,California,539400.0
APP101001,F006001,201001,YES,6805.0,Sacramento,California,605400.0
APP101002,F006002,201002,NO,11215.0,Fontana,California,280600.0
APP101003,F006003,201003,NO,8855.0,Torrance,California,371200.0
APP101004,F006004,201004,YES,7860.0,San Jose,California,444500.0
APP101005,F006005,201005,NO,7595.0,Fontana,California,577900.0
APP101006,F006006,201006,NO,8305.0,Norwalk,California,515300.0
APP101007,F006007,201007,YES,8580.0,Studio City,California,560700.0
APP101008,F006008,201008,NO,8255.0,Huntington Beach,California,561700.0
APP101009,F006009,201009,NO,6880.0,San Jose,California,551700.0
APP101010,F006010,201010,YES,6595.0,Whittier,California,573700.0
APP101011,F006011,201011,NO,8435.0,Roseville,California,551800.0
APP101012,F006012,201012,NO,8000.0,Aptos,California,514600.0
APP101013,F006013,201013,NO,6900.0,North Hills,California,543900.0
APP101014,F006014,201014,NO,8025.0,San Jose,California,334000.0
APP101015,F006015,201015,YES,8335.0,Woodland Hills,California,530700.0
APP101016,F006016,201016,NO,7855.0,San Jose,California,557700.0
APP101017,F006017,201017,YES,7785.0,San Francisco,California,532600.0
APP101018,F006018,201018,NO,9655.0,San Francisco,California,613000.0
APP101019,F006019,201019,YES,9030.0,Santa Rosa,California,555500.0
APP101020,F006020,201020,YES,7350.0,Woodland Hills,California,539200.0
APP101021,F006021,201021,NO,9730.0,San Francisco,California,341800.0
APP101022,F006022,201022,YES,6600.0,Truckee,California,569700.0
APP101023,F006023,201023,NO,10185.0,Hayward,California,671900.0
APP101024,F006024,201024,NO,6905.0,Costa Mesa,California,589000.0
APP101025,F006025,201025,NO,14850.0,Concord,California,321800.0
APP101026,F006026,201026,YES,6520.0,Rancho Cucamonga,California,504900.0
APP101027,F006027,201027,YES,7625.0,Clovis,California,555100.0
APP101028,F006028,201028,NO,8370.0,Sacramento,California,572600.0
APP101029,F006029,201029,NO,8085.0,Encino,California,541300.0
APP101030,F006030,201030,NO,8040.0,Tustin,California,535900.0
APP101031,F006031,201031,YES,8115.0,Long Beach,California,536100.0
APP101032,F006032,201032,NO,8370.0,Modesto,California,513500.0
APP101033,F006033,201033,NO,9445.0,Vacaville,California,534700.0
APP101034,F006034,201034,YES,8690.0,Stockton,California,481000.0
APP101035,F006035,201035,YES,7170.0,Clovis,California,526100.0
APP101036,F006036,201036,NO,7065.0,Goleta,California,669000.0
APP101037,F006037,201037,NO,8350.0,San Francisco,California,594400.0
APP101038,F006038,201038,YES,7080.0,Truckee,California,589900.0
APP101039,F006039,201039,YES,7080.0,Rancho Cucamonga,California,545200.0
APP101040,F006040,201040,YES,7780.0,San Jose,California,553100.0
APP101041,F006041,201041,NO,6125.0,Modesto,California,350900.0
APP101042,F006042,201042,YES,7510.0,San Leandro,California,352200.0
APP101043,F006043,201043,NO,8895.0,Tahoe City,California,340000.0
APP101044,F006044,201044,NO,7025.0,Modesto,California,592800.0
APP101045,F006045,201045,YES,8415.0,Whittier,California,522100.0
APP101046,F006046,201046,YES,9485.0,Los Angeles,California,777300.0
APP101047,F006047,201047,NO,6225.0,Orinda,California,736600.0
APP101048,F006048,201048,YES,7970.0,San Leandro,California,526000.0
APP101049,F006049,201049,YES,6440.0,Newport Beach,California,617100.0
APP101050,F006050,201050,YES,7320.0,Rancho Cucamonga,California,499800.0
APP101051,F006051,201051,NO,9420.0,Anderson,California,380300.0
APP101052,F006052,201052,NO,7870.0,Palm Springs,California,579900.0
APP101053,F006053,201053,NO,7470.0,Hayward,California,529600.0
APP101054,F006054,201054,YES,8370.0,La Mirada,California,567300.0
APP101055,F006055,201055,YES,8560.0,Sacramento,California,489600.0
APP101056,F006056,201056,NO,7445.0,Goleta,California,603100.0
APP101057,F006057,201057,NO,6420.0,Orinda,California,762200.0
APP101058,F006058,201058,YES,7505.0,Chino Hills,California,546500.0
APP101059,F006059,201059,NO,8310.0,Vacaville,California,517900.0
APP101060,F006060,201060,YES,8090.0,Woodland Hills,California,547400.0
APP101061,F006061,201061,NO,13615.0,Burbank,California,775900.0
APP101062,F006062,201062,NO,6955.0,Tustin,California,539500.0
APP101063,F006063,201063,YES,6005.0,Newport Beach,California,614800.0
APP101064,F006064,201064,NO,7110.0,San Francisco,California,556300.0
APP101065,F006065,201065,NO,6355.0,San Jose,California,576100.0
APP101066,F006066,201066,NO,6685.0,Goleta,California,674200.0
APP101067,F006067,201067,NO,7905.0,Modesto,California,524500.0
APP101068,F006068,201068,YES,8175.0,Chatsworth,California,501600.0
APP101069,F006069,201069,NO,8435.0,North Hills,California,528400.0
APP101070,F006070,201070,YES,7880.0,Whittier,California,544500.0
APP101071,F006071,201071,YES,7315.0,Long Beach,California,542800.0
APP101072,F006072,201072,NO,6590.0,San Jose,California,313400.0
APP101073,F006073,201073,NO,11280.0,Freedom,California,521800.0
APP101074,F006074,201074,YES,7305.0,Lakewood,California,552900.0
APP101075,F006075,201075,NO,8275.0,San Jose,California,554900.0
APP101076,F006076,201076,NO,7495.0,Modesto,California,546500.0
APP101077,F006077,201077,YES,7740.0,Stockton,California,451000.0
APP101078,F006078,201078,YES,6880.0,Beaumont,California,516600.0
APP101079,F006079,201079,NO,7825.0,Burbank,California,525200.0
APP101080,F006080,201080,NO,7280.0,Huntington Beach,California,531900.0
APP101081,F006081,201081,NO,8295.0,Burbank,California,555900.0
APP101082,F006082,201082,YES,8550.0,San Diego,California,551700.0
APP101083,F006083,201083,YES,8620.0,Chino Hills,California,683400.0
APP101084,F006084,201084,YES,7105.0,Newport Beach,California,566100.0
APP101085,F006085,201085,YES,8450.0,Stockton,California,440200.0
APP101086,F006086,201086,NO,6935.0,San Jose,California,533600.0
APP101087,F006087,201087,YES,6790.0,San Leandro,California,337400.0
APP101088,F006088,201088,YES,8135.0,Beaumont,California,528600.0
APP101089,F006089,201089,YES,11245.0,Rancho Cucamonga,California,432400.0
APP101090,F006090,201090,YES,7605.0,Los Angeles,California,576500.0
APP101091,F006091,201091,YES,7650.0,Long Beach,California,280900.0
APP101092,F006092,201092,NO,7520.0,Newport,California,397900.0
APP101093,F006093,201093,YES,11380.0,Santa Maria,California,731400.0
APP101094,F006094,201094,NO,7760.0,San Francisco,California,522300.0
APP101095,F006095,201095,NO,10500.0,Roseville,California,528800.0
APP101096,F006096,201096,NO,8855.0,Vacaville,California,496700.0
APP101097,F006097,201097,NO,8695.0,Belmont,California,803000.0
APP101098,F006098,201098,NO,7900.0,North Hills,California,521900.0
APP101099,F006099,201099,NO,8610.0,Hayward,California,616600.0
APP101100,F006100,201100,NO,7545.0,Palm Springs,California,561600.0
APP101101,F006101,201101,NO,7895.0,Goleta,California,548400.0
APP101102,F006102,201102,NO,7695.0,Healdsburg,California,581100.0
APP101103,F006103,201103,YES,7105.0,Chatsworth,California,370000.0
APP101104,F006104,201104,YES,7345.0,Sacramento,California,539800.0
APP101105,F006105,201105,NO,5830.0,Huntington Beach,California,457900.0
APP101106,F006106,201106,YES,7105.0,Santa Maria,California,507800.0
APP101107,F006107,201107,NO,12385.0,Norwalk,California,389400.0
APP101108,F006108,201108,YES,8670.0,Newport Beach,California,524300.0
APP101109,F006109,201109,YES,5490.0,La Mirada,California,376300.0
APP101110,F006110,201110,YES,8200.0,Chatsworth,California,361800.0
APP101111,F006111,201111,YES,9160.0,Los Angeles,California,772300.0
APP101112,F006112,201112,YES,11010.0,Carson,California,334800.0
APP101113,F006113,201113,NO,8550.0,West Hills,California,519500.0
APP101114,F006114,201114,NO,8150.0,West Hills,California,391800.0
APP101115,F006115,201115,YES,7590.0,Chino Hills,California,687200.0
APP101116,F006116,201116,NO,6330.0,West Hills,California,432700.0
APP101117,F006117,201117,NO,7970.0,San Lorenzo,California,539000.0
APP101118,F006118,201118,YES,8195.0,Santa Rosa,California,605600.0
APP101119,F006119,201119,YES,7680.0,Lakewood,California,581400.0
APP101120,F006120,201120,YES,8735.0,Santa Rosa,California,617500.0
APP101121,F006121,201121,YES,10280.0,Lakewood,California,663800.0
APP101122,F006122,201122,NO,8515.0,San Jose,California,543500.0
APP101123,F006123,201123,NO,10215.0,Freedom,California,525400.0
APP101124,F006124,201124,NO,8845.0,North Hills,California,544800.0
APP101125,F006125,201125,NO,9835.0,Alhambra,California,297200.0
APP101126,F006126,201126,NO,8295.0,Hesperia,California,520400.0
APP101127,F006127,201127,YES,7535.0,Sacramento,California,545700.0
APP101128,F006128,201128,YES,11115.0,Santa Maria,California,735500.0
APP101129,F006129,201129,NO,7890.0,San Jose,California,550200.0
APP101130,F006130,201130,YES,8800.0,Whittier,California,556200.0
APP101131,F006131,201131,YES,9080.0,Woodland Hills,California,590800.0
APP101132,F006132,201132,YES,12985.0,Woodland Hills,California,595500.0
APP101133,F006133,201133,YES,8915.0,Lakewood,California,497400.0
APP101134,F006134,201134,NO,7370.0,Newport,California,521400.0
APP101135,F006135,201135,YES,7740.0,Los Angeles,California,521800.0
APP101136,F006136,201136,NO,10635.0,Freedom,California,526900.0
APP101137,F006137,201137,YES,9415.0,Rancho Cucamonga,California,412700.0
APP101138,F006138,201138,NO,7545.0,Newport,California,389000.0
APP101139,F006139,201139,NO,7075.0,Tustin,California,531100.0
APP101140,F006140,201140,NO,12235.0,Healdsburg,California,775200.0
APP101141,F006141,201141,NO,12615.0,Norwalk,California,397200.0
APP101142,F006142,201142,YES,7740.0,Lakewood,California,539600.0
APP101143,F006143,201143,NO,15670.0,Concord,California,319300.0
APP101144,F006144,201144,YES,6720.0,Chatsworth,California,539400.0
APP101145,F006145,201145,NO,7195.0,Anaheim,California,593500.0
APP101146,F006146,201146,YES,6825.0,Lakewood,California,552000.0
APP101147,F006147,201147,YES,6715.0,Newport Beach,California,588500.0
APP101148,F006148,201148,NO,8045.0,North Hills,California,527200.0
APP101149,F006149,201149,YES,6880.0,San Leandro,California,537200.0
APP101150,F006150,201150,NO,8600.0,Petaluma,California,541700.0
APP101151,F006151,201151,YES,7445.0,Los Angeles,California,550600.0
APP101152,F006152,201152,NO,7125.0,Costa Mesa,California,569000.0
APP101153,F006153,201153,NO,16235.0,Concord,California,323800.0
APP101154,F006154,201154,YES,7870.0,Long Beach,California,536300.0
APP101155,F006155,201155,NO,8430.0,Sacramento,California,564400.0
APP101156,F006156,201156,NO,7745.0,Anaheim,California,501000.0
APP101157,F006157,201157,YES,8210.0,Los Angeles,California,548400.0
APP101158,F006158,201158,NO,7440.0,Van Nuys,California,576900.0
APP101159,F006159,201159,NO,7540.0,North Hills,California,663300.0
APP101160,F006160,201160,NO,8375.0,Vacaville,California,524500.0
APP101161,F006161,201161,NO,9175.0,Vacaville,California,601700.0
APP101162,F006162,201162,NO,6710.0,Goleta,California,665100.0
APP101163,F006163,201163,NO,8005.0,Anaheim,California,655500.0
APP101164,F006164,201164,NO,5440.0,Palm Springs,California,511400.0
APP101165,F006165,201165,NO,7825.0,Freedom,California,556400.0
APP101166,F006166,201166,YES,7355.0,Sacramento,California,432900.0
APP101167,F006167,201167,YES,8300.0,Newport Beach,California,516300.0
APP101168,F006168,201168,NO,7565.0,Sacramento,California,526000.0
APP101169,F006169,201169,YES,9325.0,Chatsworth,California,548800.0
APP101170,F006170,201170,YES,9090.0,Los Angeles,California,778000.0
APP101171,F006171,201171,YES,7605.0,Carson,California,543500.0
APP101172,F006172,201172,NO,7265.0,San Jose,California,496500.0
APP101173,F006173,201173,NO,6380.0,Van Nuys,California,481700.0
APP101174,F006174,201174,NO,11930.0,Sacramento,California,369900.0
APP101175,F006175,201175,NO,7295.0,Dana Point,California,569800.0
APP101176,F006176,201176,YES,7380.0,San Francisco,California,529800.0
APP101177,F006177,201177,YES,7140.0,Clovis,California,588700.0
APP101178,F006178,201178,YES,8615.0,Studio City,California,537100.0
APP101179,F006179,201179,NO,7850.0,Petaluma,California,557100.0
APP101180,F006180,201180,YES,7390.0,Long Beach,California,289900.0
APP101181,F006181,201181,NO,10895.0,Norwalk,California,392800.0
APP101182,F006182,201182,NO,9205.0,Petaluma,California,601200.0
APP101183,F006183,201183,YES,8615.0,San Leandro,California,554500.0
APP101184,F006184,201184,YES,7150.0,San Jose,California,540900.0
APP101185,F006185,201185,NO,7965.0,West Hills,California,522700.0
APP101186,F006186,201186,NO,9705.0,Fontana,California,287500.0
APP101187,F006187,201187,NO,8210.0,San Jose,California,575900.0
APP101188,F006188,201188,NO,8105.0,San Francisco,California,530000.0
APP101189,F006189,201189,YES,8095.0,Carson,California,565900.0
APP101190,F006190,201190,NO,640.0,Tustin,California,610800.0
APP101191,F006191,201191,YES,7245.0,Chino Hills,California,548500.0
APP101192,F006192,201192,NO,11665.0,San Lorenzo,California,325700.0
APP101193,F006193,201193,YES,8885.0,Stockton,California,539800.0
APP101194,F006194,201194,NO,7030.0,Aptos,California,558200.0
APP101195,F006195,201195,YES,8450.0,Carson,California,565600.0
APP101196,F006196,201196,YES,6500.0,Carson,California,527100.0
APP101197,F006197,201197,NO,10260.0,San Jose,California,470200.0
APP101198,F006198,201198,YES,18905.0,Truckee,California,659200.0
APP101199,F006199,201199,NO,8045.0,San Lorenzo,California,557600.0
APP101200,F006200,201200,NO,5325.0,Modesto,California,345200.0
APP101201,F006201,201201,YES,7995.0,Rancho Cucamonga,California,522700.0
APP101202,F006202,201202,NO,6250.0,Modesto,California,543100.0
APP101203,F006203,201203,YES,7215.0,Rancho Cucamonga,California,536400.0
APP101204,F006204,201204,YES,9325.0,Long Beach,California,563100.0
APP101205,F006205,201205,YES,7520.0,San Jose,California,423900.0
APP101206,F006206,201206,YES,8035.0,Sacramento,California,556400.0
APP101207,F006207,201207,YES,6660.0,Santa Rosa,California,580800.0
APP101208,F006208,201208,YES,7095.0,Long Beach,California,310000.0
APP101209,F006209,201209,YES,8105.0,Chino Hills,California,721500.0
APP101210,F006210,201210,YES,6785.0,Los Angeles,California,543600.0
APP101211,F006211,201211,YES,7310.0,Chino Hills,California,725700.0
APP101212,F006212,201212,NO,7075.0,Dana Point,California,508100.0
APP101213,F006213,201213,NO,7695.0,San Francisco,California,545300.0
APP101214,F006214,201214,NO,7740.0,Freedom,California,540400.0
APP101215,F006215,201215,NO,9115.0,Encino,California,666900.0
APP101216,F006216,201216,NO,7735.0,San Jose,California,550400.0
APP101217,F006217,201217,NO,7475.0,Dana Point,California,636100.0
APP101218,F006218,201218,YES,6800.0,Woodland Hills,California,559700.0
APP101219,F006219,201219,NO,8090.0,Hayward,California,531500.0
APP101220,F006220,201220,YES,6625.0,Sacramento,California,597900.0
APP101221,F006221,201221,YES,10180.0,Lakewood,California,646700.0
APP101222,F006222,201222,YES,8545.0,Newport Beach,California,541900.0
APP101223,F006223,201223,YES,8110.0,Chino Hills,California,578800.0
APP101224,F006224,201224,NO,7665.0,Anaheim,California,652400.0
APP101225,F006225,201225,NO,6350.0,Huntington Beach,California,492700.0
APP101226,F006226,201226,YES,8085.0,Woodland Hills,California,549000.0
APP101227,F006227,201227,NO,10325.0,San Jose,California,501300.0
APP101228,F006228,201228,YES,7815.0,Santa Rosa,California,563900.0
APP101229,F006229,201229,NO,8340.0,Burbank,California,552000.0
APP101230,F006230,201230,NO,7495.0,Costa Mesa,California,575900.0
APP101231,F006231,201231,NO,12420.0,Burbank,California,719000.0
APP101232,F006232,201232,YES,7975.0,Los Angeles,California,544500.0
APP101233,F006233,201233,YES,8405.0,Santa Maria,California,539100.0
APP101234,F006234,201234,YES,7360.0,Chatsworth,California,598800.0
APP101235,F006235,201235,YES,7900.0,La Mirada,California,527400.0
APP101236,F006236,201236,YES,7070.0,Sacramento,California,434800.0
APP101237,F006237,201237,YES,7840.0,Rancho Cucamonga,California,553500.0
APP101238,F006238,201238,YES,7575.0,Lakewood,California,586500.0
APP101239,F006239,201239,NO,7355.0,West Hills,California,379600.0
APP101240,F006240,201240,YES,26880.0,Whittier,California,669400.0
APP101241,F006241,201241,NO,7060.0,North Hills,California,664700.0
APP101242,F006242,201242,NO,6425.0,Goleta,California,731500.0
APP101243,F006243,201243,NO,9510.0,Anderson,California,407800.0
APP101244,F006244,201244,YES,7360.0,Whittier,California,528000.0
APP101245,F006245,201245,NO,11275.0,Fontana,California,293200.0
APP101246,F006246,201246,NO,7265.0,Yorba Linda,California,548100.0
APP101247,F006247,201247,NO,7260.0,Belmont,California,552000.0
APP101248,F006248,201248,NO,10535.0,Roseville,California,517100.0
APP101249,F006249,201249,YES,7650.0,Long Beach,California,565500.0
APP101250,F006250,201250,NO,6050.0,Palm Springs,California,542100.0
APP101251,F006251,201251,YES,16435.0,Truckee,California,704800.0
APP101252,F006252,201252,YES,8510.0,Chino Hills,California,548900.0
APP101253,F006253,201253,YES,7790.0,San Diego,California,338900.0
APP101254,F006254,201254,NO,7980.0,San Jose,California,536800.0
APP101255,F006255,201255,YES,7360.0,Clovis,California,654900.0
APP101256,F006256,201256,YES,7085.0,Rancho Cucamonga,California,526900.0
APP101257,F006257,201257,NO,9575.0,Costa Mesa,California,704600.0
APP101258,F006258,201258,YES,8940.0,Santa Rosa,California,528600.0
APP101259,F006259,201259,NO,11865.0,Sacramento,California,404600.0
APP101260,F006260,201260,NO,8125.0,Tustin,California,544100.0
APP101261,F006261,201261,NO,8475.0,Modesto,California,526000.0
APP101262,F006262,201262,NO,7670.0,Huntington Beach,California,540700.0
APP101263,F006263,201263,NO,6895.0,Fontana,California,593000.0
APP101264,F006264,201264,YES,9340.0,San Jose,California,536900.0
APP101265,F006265,201265,NO,6920.0,Petaluma,California,556700.0
APP101266,F006266,201266,NO,8585.0,Dana Point,California,522000.0
APP101267,F006267,201267,YES,7140.0,Santa Maria,California,544200.0
APP101268,F006268,201268,YES,7095.0,Whittier,California,547700.0
APP101269,F006269,201269,NO,7860.0,Anaheim,California,681400.0
APP101270,F006270,201270,YES,7605.0,Truckee,California,579000.0
APP101271,F006271,201271,NO,7725.0,Encino,California,579000.0
APP101272,F006272,201272,NO,10500.0,San Francisco,California,604800.0
APP101273,F006273,201273,YES,5655.0,Newport Beach,California,631600.0
APP101274,F006274,201274,NO,7625.0,Belmont,California,570200.0
APP101275,F006275,201275,NO,6910.0,San Francisco,California,534300.0
APP101276,F006276,201276,YES,7650.0,San Francisco,California,534400.0
APP101277,F006277,201277,NO,9010.0,Torrance,California,346500.0
APP101278,F006278,201278,NO,7345.0,San Lorenzo,California,541700.0
APP101279,F006279,201279,NO,7910.0,Fullerton,California,664100.0
APP101280,F006280,201280,NO,7885.0,Alhambra,California,332300.0
APP101281,F006281,201281,NO,14370.0,Concord,California,305500.0
APP101282,F006282,201282,NO,8475.0,North Hills,California,581000.0
APP101283,F006283,201283,NO,7465.0,Roseville,California,558100.0
APP101284,F006284,201284,NO,9585.0,Encino,California,612500.0
APP101285,F006285,201285,YES,5655.0,Newport Beach,California,649500.0
APP101286,F006286,201286,YES,9135.0,Beaumont,California,544400.0
APP101287,F006287,201287,NO,11880.0,Healdsburg,California,788400.0
APP101288,F006288,201288,NO,8790.0,Vacaville,California,510400.0
APP101289,F006289,201289,YES,8385.0,Sacramento,California,523600.0
APP101290,F006290,201290,YES,6850.0,San Diego,California,581500.0
APP101291,F006291,201291,NO,8575.0,Concord,California,552400.0
APP101292,F006292,201292,YES,7700.0,San Leandro,California,529300.0
APP101293,F006293,201293,NO,7830.0,North Hills,California,642800.0
APP101294,F006294,201294,YES,11895.0,Santa Maria,California,664200.0
APP101295,F006295,201295,NO,7580.0,Tahoe City,California,357100.0
APP101296,F006296,201296,NO,8150.0,Goleta,California,524600.0
APP101297,F006297,201297,NO,9135.0,Torrance,California,361200.0
APP101298,F006298,201298,NO,7460.0,Healdsburg,California,527000.0
APP101299,F006299,201299,YES,11750.0,Carson,California,337000.0
APP101300,F006300,201300,YES,8670.0,Long Beach,California,277200.0
APP101301,F006301,201301,NO,9255.0,Freedom,California,542400.0
APP101302,F006302,201302,NO,9770.0,Anderson,California,398900.0
APP101303,F006303,201303,YES,7510.0,Los Angeles,California,526300.0
APP101304,F006304,201304,NO,7470.0,Tustin,California,534200.0
APP101305,F006305,201305,NO,5165.0,Modesto,California,319500.0
APP101306,F006306,201306,YES,7895.0,Studio City,California,567000.0
APP101307,F006307,201307,NO,7705.0,Anderson,California,516700.0
APP101308,F006308,201308,YES,6835.0,La Mirada,California,544300.0
APP101309,F006309,201309,NO,9070.0,Petaluma,California,658000.0
APP101310,F006310,201310,NO,6365.0,Petaluma,California,561200.0
APP101311,F006311,201311,NO,7715.0,Roseville,California,556100.0
APP101312,F006312,201312,YES,6205.0,Chino Hills,California,539300.0
APP101313,F006313,201313,NO,8485.0,San Francisco,California,542600.0
APP101314,F006314,201314,NO,10145.0,Costa Mesa,California,738600.0
APP101315,F006315,201315,NO,6425.0,Orinda,California,707200.0
APP101316,F006316,201316,NO,7880.0,San Jose,California,515700.0
APP101317,F006317,201317,NO,10600.0,Fontana,California,306900.0
APP101318,F006318,201318,NO,9995.0,San Jose,California,320100.0
APP101319,F006319,201319,NO,500.0,Tustin,California,605200.0
APP101320,F006320,201320,YES,7880.0,Stockton,California,511000.0
APP101321,F006321,201321,NO,9265.0,Alhambra,California,281800.0
APP101322,F006322,201322,NO,6215.0,San Jose,California,328600.0
APP101323,F006323,201323,YES,7750.0,Los Angeles,California,567100.0
APP101324,F006324,201324,YES,7895.0,Woodland Hills,California,574400.0
APP101325,F006325,201325,YES,9115.0,San Francisco,California,792100.0
APP101326,F006326,201326,YES,7200.0,San Jose,California,437900.0
APP101327,F006327,201327,NO,7170.0,Anderson,California,552400.0
APP101328,F006328,201328,NO,9520.0,San Francisco,California,626200.0
APP101329,F006329,201329,NO,7920.0,Encino,California,549900.0
APP101330,F006330,201330,NO,6845.0,North Hills,California,647000.0
APP101331,F006331,201331,NO,3280.0,Hesperia,California,729200.0
APP101332,F006332,201332,YES,6895.0,Los Angeles,California,679900.0
APP101333,F006333,201333,NO,8200.0,Fontana,California,538200.0
APP101334,F006334,201334,YES,9825.0,Studio City,California,344800.0
APP101335,F006335,201335,YES,11720.0,Santa Maria,California,736400.0
APP101336,F006336,201336,NO,8350.0,Huntington Beach,California,557800.0
APP101337,F006337,201337,NO,11415.0,San Jose,California,503800.0
APP101338,F006338,201338,YES,9235.0,Chatsworth,California,537600.0
APP101339,F006339,201339,NO,8190.0,Aptos,California,575300.0
APP101340,F006340,201340,NO,6125.0,San Jose,California,616000.0
APP101341,F006341,201341,NO,7760.0,Modesto,California,572800.0
APP101342,F006342,201342,YES,8020.0,La Mirada,California,546700.0
APP101343,F006343,201343,YES,6925.0,Studio City,California,542700.0
APP101344,F006344,201344,YES,8330.0,San Jose,California,526400.0
APP101345,F006345,201345,NO,12055.0,Burbank,California,815800.0
APP101346,F006346,201346,YES,7295.0,Newport Beach,California,531500.0
APP101347,F006347,201347,NO,7025.0,Newport,California,356200.0
APP101348,F006348,201348,NO,8595.0,Huntington Beach,California,479200.0
APP101349,F006349,201349,NO,7375.0,Goleta,California,681100.0
APP101350,F006350,201350,YES,7810.0,San Jose,California,555900.0
APP101351,F006351,201351,NO,7255.0,Modesto,California,538900.0
APP101352,F006352,201352,NO,7380.0,West Hills,California,579800.0
APP101353,F006353,201353,YES,8365.0,Lakewood,California,549900.0
APP101354,F006354,201354,NO,7465.0,San Francisco,California,580200.0
APP101355,F006355,201355,YES,7915.0,Los Angeles,California,646800.0
APP101356,F006356,201356,YES,15890.0,Truckee,California,697400.0
APP101357,F006357,201357,NO,10095.0,San Jose,California,489200.0
APP101358,F006358,201358,NO,8555.0,Aptos,California,560000.0
APP101359,F006359,201359,YES,7220.0,Los Angeles,California,507100.0
APP101360,F006360,201360,NO,7135.0,Petaluma,California,537800.0
APP101361,F006361,201361,NO,7860.0,San Jose,California,564400.0
APP101362,F006362,201362,YES,7620.0,Truckee,California,568300.0
APP101363,F006363,201363,YES,9755.0,San Francisco,California,746800.0
APP101364,F006364,201364,NO,7425.0,Petaluma,California,551300.0
APP101365,F006365,201365,NO,8780.0,Aptos,California,604500.0
APP101366,F006366,201366,NO,8715.0,Aptos,California,564000.0
APP101367,F006367,201367,YES,7315.0,Beaumont,California,549000.0
APP101368,F006368,201368,YES,9665.0,Clovis,California,546600.0
APP101369,F006369,201369,YES,26470.0,Whittier,California,620500.0
APP101370,F006370,201370,YES,8420.0,Whittier,California,554500.0
APP101371,F006371,201371,YES,11930.0,Carson,California,353700.0
APP101372,F006372,201372,NO,7695.0,North Hills,California,685300.0
APP101373,F006373,201373,NO,8490.0,Newport,California,381400.0
APP101374,F006374,201374,YES,7670.0,Los Angeles,California,547700.0
APP101375,F006375,201375,NO,7860.0,Petaluma,California,532400.0
APP101376,F006376,201376,NO,7700.0,Dana Point,California,638000.0
APP101377,F006377,201377,YES,8140.0,Studio City,California,533500.0
APP101378,F006378,201378,YES,7020.0,San Leandro,California,638100.0
APP101379,F006379,201379,NO,9235.0,Costa Mesa,California,769000.0
APP101380,F006380,201380,NO,13830.0,Burbank,California,788700.0
APP101381,F006381,201381,YES,7760.0,San Diego,California,340300.0
APP101382,F006382,201382,YES,8315.0,Santa Maria,California,573500.0
APP101383,F006383,201383,YES,8450.0,Stockton,California,533700.0
APP101384,F006384,201384,NO,2955.0,Hesperia,California,721700.0
APP101385,F006385,201385,YES,7710.0,Sacramento,California,578600.0
APP101386,F006386,201386,NO,8595.0,Belmont,California,549500.0
APP101387,F006387,201387,NO,7900.0,West Hills,California,370600.0
APP101388,F006388,201388,YES,8605.0,Los Angeles,California,535700.0
APP101389,F006389,201389,NO,8410.0,West Hills,California,526200.0
APP101390,F006390,201390,YES,7515.0,Los Angeles,California,527600.0
APP101391,F006391,201391,YES,9650.0,Los Angeles,California,710700.0
APP101392,F006392,201392,NO,7915.0,San Jose,California,543500.0
APP101393,F006393,201393,YES,5915.0,La Mirada,California,366300.0
APP101394,F006394,201394,NO,7580.0,Vacaville,California,545700.0
APP101395,F006395,201395,NO,8350.0,Yorba Linda,California,556800.0
APP101396,F006396,201396,YES,6160.0,La Mirada,California,326200.0
APP101397,F006397,201397,NO,8535.0,Belmont,California,687100.0
APP101398,F006398,201398,NO,10680.0,Freedom,California,534700.0
APP101399,F006399,201399,YES,8235.0,Truckee,California,585900.0
APP101400,F006400,201400,YES,6975.0,Rancho Cucamonga,California,535400.0
APP101401,F006401,201401,YES,8485.0,Long Beach,California,514400.0
APP101402,F006402,201402,NO,6820.0,Newport,California,536300.0
APP101403,F006403,201403,YES,8555.0,Stockton,California,583300.0
APP101404,F006404,201404,YES,6215.0,Newport Beach,California,627400.0
APP101405,F006405,201405,YES,6405.0,Long Beach,California,295400.0
APP101406,F006406,201406,NO,6955.0,North Hills,California,679400.0
APP101407,F006407,201407,NO,5900.0,North Hills,California,645100.0
APP101408,F006408,201408,NO,9065.0,San Jose,California,327500.0
APP101409,F006409,201409,NO,7545.0,Aptos,California,531500.0
APP101410,F006410,201410,NO,7155.0,San Francisco,California,535000.0
APP101411,F006411,201411,YES,7375.0,Chatsworth,California,519400.0
APP101412,F006412,201412,YES,10005.0,Studio City,California,348200.0
APP101413,F006413,201413,NO,9070.0,Freedom,California,566500.0
APP101414,F006414,201414,NO,7230.0,Dana Point,California,545300.0
APP101415,F006415,201415,NO,4885.0,Orinda,California,696200.0
APP101416,F006416,201416,NO,7510.0,Hesperia,California,557000.0
APP101417,F006417,201417,YES,7750.0,Chatsworth,California,543900.0
APP101418,F006418,201418,NO,7725.0,West Hills,California,376100.0
APP101419,F006419,201419,YES,8050.0,Studio City,California,346200.0
APP101420,F006420,201420,YES,7735.0,Truckee,California,544900.0
APP101421,F006421,201421,NO,7135.0,Modesto,California,519800.0
APP101422,F006422,201422,YES,7935.0,Sacramento,California,559500.0
APP101423,F006423,201423,NO,9475.0,Alhambra,California,304000.0
APP101424,F006424,201424,YES,8280.0,Chino Hills,California,729700.0
APP101425,F006425,201425,YES,7745.0,Chatsworth,California,571900.0
APP101426,F006426,201426,YES,7165.0,San Jose,California,436500.0
APP101427,F006427,201427,NO,8375.0,Orinda,California,564100.0
APP101428,F006428,201428,YES,8545.0,Studio City,California,522800.0
APP101429,F006429,201429,YES,8095.0,Newport Beach,California,546700.0
APP101430,F006430,201430,NO,6845.0,North Hills,California,750800.0
APP101431,F006431,201431,YES,8325.0,Santa Rosa,California,653700.0
APP101432,F006432,201432,NO,2965.0,Hesperia,California,778500.0
APP101433,F006433,201433,YES,7130.0,Santa Rosa,California,597500.0
APP101434,F006434,201434,NO,10920.0,Healdsburg,California,797600.0
APP101435,F006435,201435,NO,7805.0,Sacramento,California,512200.0
APP101436,F006436,201436,YES,8215.0,Studio City,California,327900.0
APP101437,F006437,201437,NO,7865.0,Newport,California,385500.0
APP101438,F006438,201438,NO,9380.0,Healdsburg,California,787000.0
APP101439,F006439,201439,YES,7845.0,San Francisco,California,532500.0
APP101440,F006440,201440,NO,7075.0,North Hills,California,700700.0
APP101441,F006441,201441,NO,10360.0,Aptos,California,618500.0
APP101442,F006442,201442,NO,7330.0,Dana Point,California,671200.0
APP101443,F006443,201443,NO,8100.0,Hesperia,California,542300.0
APP101444,F006444,201444,NO,8320.0,Encino,California,519900.0
APP101445,F006445,201445,NO,7595.0,Dana Point,California,667800.0
APP101446,F006446,201446,NO,6265.0,San Jose,California,604800.0
APP101447,F006447,201447,YES,8520.0,Santa Maria,California,549200.0
APP101448,F006448,201448,YES,7115.0,Carson,California,588500.0
APP101449,F006449,201449,YES,9135.0,Rancho Cucamonga,California,592100.0
APP101450,F006450,201450,YES,8515.0,Los Angeles,California,763600.0
APP101451,F006451,201451,NO,5705.0,San Jose,California,609200.0
APP101452,F006452,201452,NO,13370.0,Burbank,California,769600.0
APP101453,F006453,201453,YES,11630.0,Carson,California,384400.0
APP101454,F006454,201454,NO,6895.0,San Jose,California,585300.0
APP101455,F006455,201455,YES,8005.0,Stockton,California,437000.0
APP101456,F006456,201456,YES,7980.0,Long Beach,California,536700.0
APP101457,F006457,201457,YES,8880.0,Los Angeles,California,513500.0
APP101458,F006458,201458,YES,10820.0,Lakewood,California,638000.0
APP101459,F006459,201459,YES,6990.0,Sacramento,California,566500.0
APP101460,F006460,201460,NO,7440.0,South Lake Tahoe,California,827000.0
APP101461,F006461,201461,NO,9950.0,Norwalk,California,391400.0
APP101462,F006462,201462,NO,8990.0,Orinda,California,562100.0
APP101463,F006463,201463,YES,7365.0,Sacramento,California,421800.0
APP101464,F006464,201464,NO,640.0,Tustin,California,661200.0
APP101465,F006465,201465,NO,8035.0,West Hills,California,560900.0
APP101466,F006466,201466,NO,7300.0,Aptos,California,540100.0
APP101467,F006467,201467,YES,25635.0,Whittier,California,637700.0
APP101468,F006468,201468,NO,7825.0,Sacramento,California,519000.0
APP101469,F006469,201469,NO,11110.0,Sacramento,California,408700.0
APP101470,F006470,201470,YES,8115.0,Los Angeles,California,571300.0
APP101471,F006471,201471,YES,8360.0,Studio City,California,562800.0
APP101472,F006472,201472,YES,8035.0,Truckee,California,535500.0
APP101473,F006473,201473,NO,7330.0,Tustin,California,548400.0
APP101474,F006474,201474,YES,8665.0,Los Angeles,California,740900.0
APP101475,F006475,201475,YES,8405.0,San Francisco,California,764100.0
APP101476,F006476,201476,NO,7510.0,Aptos,California,574000.0
APP101477,F006477,201477,NO,10570.0,San Jose,California,492300.0
APP101478,F006478,201478,YES,7980.0,San Francisco,California,566000.0
APP101479,F006479,201479,YES,7075.0,Carson,California,561600.0
APP101480,F006480,201480,YES,8540.0,Santa Rosa,California,504200.0
APP101481,F006481,201481,NO,7795.0,Tahoe City,California,393100.0
APP101482,F006482,201482,YES,7800.0,Los Angeles,California,540500.0
APP101483,F006483,201483,YES,16930.0,Truckee,California,708300.0
APP101484,F006484,201484,YES,27790.0,Whittier,California,678400.0
APP101485,F006485,201485,NO,11430.0,Healdsburg,California,770600.0
APP101486,F006486,201486,YES,7760.0,Beaumont,California,540400.0
APP101487,F006487,201487,NO,7795.0,Newport,California,521600.0
APP101488,F006488,201488,YES,7050.0,Carson,California,554300.0
APP101489,F006489,201489,YES,7365.0,San Leandro,California,552700.0
APP101490,F006490,201490,YES,7625.0,Truckee,California,589300.0
APP101491,F006491,201491,NO,8295.0,Burbank,California,572300.0
APP101492,F006492,201492,NO,10075.0,Freedom,California,536400.0
APP101493,F006493,201493,NO,8620.0,San Francisco,California,538400.0
APP101494,F006494,201494,YES,7260.0,La Mirada,California,544600.0
APP101495,F006495,201495,YES,9395.0,Clovis,California,543900.0
APP101496,F006496,201496,NO,7700.0,Torrance,California,542700.0
APP101497,F006497,201497,NO,7830.0,San Lorenzo,California,537800.0
APP101498,F006498,201498,NO,565.0,Tustin,California,629200.0
APP101499,F006499,201499,YES,28000.0,Whittier,California,694700.0
APP101500,F006500,201500,NO,6945.0,Hesperia,California,531000.0
